Timestamp,Value,ValueStatus,ExportType,TimestampPrecisionType,IncludeBadValues,TotalEvents,TotalGoodValues,TotalBadValues,LowestFrequency,HighestFrequency,AverageFrequency,DigitalSet,ExceptionDeviation,ExceptionMaximum,ExceptionMinimum,ExceptionPercentage,Span,Zero,EngineeringUnits,Compressing,Step,CompressionDeviation,CompressionMaximum,CompressionMinimum,CompressionPercentage,IsOutlier
2024-08-14 14:02:00+00:00,-130.05,1.0,2.0,1.0,1.0,132627.0,132526.0,101.0,0.0,0.0926388888888889,0.0023835942891649,,0.0,0.0,0.0,0.0,100.0,0.0,,1.0,0.0,0.0,0.0,0.0,0.0,True
2024-08-14 14:03:00+00:00,-130.125,1.0,,,,,,,,,,,,,,,,,,,,,,,,True
2024-08-14 14:04:00+00:00,-130.2,1.0,2.0,1.0,1.0,132627.0,132526.0,101.0,0.0,0.0926388888888889,0.0023835942891649,,0.0,0.0,0.0,0.0,100.0,0.0,,1.0,0.0,0.0,0.0,0.0,0.0,True
2024-08-14 14:05:00+00:00,-130.33333333333334,1.0,2.0,1.0,1.0,132627.0,132526.0,101.0,0.0,0.0926388888888889,0.0023835942891649,,0.0,0.0,0.0,0.0,100.0,0.0,,1.0,0.0,0.0,0.0,0.0,0.0,True
2024-08-14 14:06:00+00:00,-130.35000000000002,1.0,2.0,1.0,1.0,132627.0,132526.0,101.0,0.0,0.0926388888888889,0.0023835942891649,,0.0,0.0,0.0,0.0,100.0,0.0,,1.0,0.0,0.0,0.0,0.0,0.0,True
2024-08-14 14:07:00+00:00,-130.55,1.0,2.0,1.0,1.0,132627.0,132526.0,101.0,0.0,0.0926388888888889,0.0023835942891649,,0.0,0.0,0.0,0.0,100.0,0.0,,1.0,0.0,0.0,0.0,0.0,0.0,True
2024-08-14 14:08:00+00:00,-130.7,1.0,2.0,1.0,1.0,132627.0,132526.0,101.0,0.0,0.0926388888888889,0.0023835942891649,,0.0,0.0,0.0,0.0,100.0,0.0,,1.0,0.0,0.0,0.0,0.0,0.0,True
2024-08-14 14:09:00+00:00,-130.82500000000002,1.0,2.0,1.0,1.0,132627.0,132526.0,101.0,0.0,0.0926388888888889,0.0023835942891649,,0.0,0.0,0.0,0.0,100.0,0.0,,1.0,0.0,0.0,0.0,0.0,0.0,True
2024-08-14 14:10:00+00:00,-131.0,1.0,2.0,1.0,1.0,132627.0,132526.0,101.0,0.0,0.0926388888888889,0.0023835942891649,,0.0,0.0,0.0,0.0,100.0,0.0,,1.0,0.0,0.0,0.0,0.0,0.0,True
2024-08-14 14:11:00+00:00,-131.20000000000002,1.0,2.0,1.0,1.0,132627.0,132526.0,101.0,0.0,0.0926388888888889,0.0023835942891649,,0.0,0.0,0.0,0.0,100.0,0.0,,1.0,0.0,0.0,0.0,0.0,0.0,True
2024-08-14 14:12:00+00:00,-131.45,1.0,2.0,1.0,1.0,132627.0,132526.0,101.0,0.0,0.0926388888888889,0.0023835942891649,,0.0,0.0,0.0,0.0,100.0,0.0,,1.0,0.0,0.0,0.0,0.0,0.0,True
2024-08-14 14:13:00+00:00,-131.4,1.0,2.0,1.0,1.0,132627.0,132526.0,101.0,0.0,0.0926388888888889,0.0023835942891649,,0.0,0.0,0.0,0.0,100.0,0.0,,1.0,0.0,0.0,0.0,0.0,0.0,True
2024-08-14 14:14:00+00:00,-131.925,1.0,2.0,1.0,1.0,132627.0,132526.0,101.0,0.0,0.0926388888888889,0.0023835942891649,,0.0,0.0,0.0,0.0,100.0,0.0,,1.0,0.0,0.0,0.0,0.0,0.0,True
2024-09-11 20:20:00+00:00,-132.47833333333332,1.0,2.0,1.0,1.0,132627.0,132526.0,101.0,0.0,0.0926388888888889,0.0023835942891649,,0.0,0.0,0.0,0.0,100.0,0.0,,1.0,0.0,0.0,0.0,0.0,0.0,True
2024-09-11 20:21:00+00:00,-132.24,1.0,2.0,1.0,1.0,132627.0,132526.0,101.0,0.0,0.0926388888888889,0.0023835942891649,,0.0,0.0,0.0,0.0,100.0,0.0,,1.0,0.0,0.0,0.0,0.0,0.0,True
2024-09-11 20:28:00+00:00,-132.45000000000002,1.0,2.0,1.0,1.0,132627.0,132526.0,101.0,0.0,0.0926388888888889,0.0023835942891649,,0.0,0.0,0.0,0.0,100.0,0.0,,1.0,0.0,0.0,0.0,0.0,0.0,True
2024-09-11 20:29:00+00:00,-132.334,1.0,2.0,1.0,1.0,132627.0,132526.0,101.0,0.0,0.0926388888888889,0.0023835942891649,,0.0,0.0,0.0,0.0,100.0,0.0,,1.0,0.0,0.0,0.0,0.0,0.0,True
2024-09-11 20:30:00+00:00,-132.256,1.0,2.0,1.0,1.0,132627.0,132526.0,101.0,0.0,0.0926388888888889,0.0023835942891649,,0.0,0.0,0.0,0.0,100.0,0.0,,1.0,0.0,0.0,0.0,0.0,0.0,True
2024-09-11 20:31:00+00:00,-131.706,1.0,2.0,1.0,1.0,132627.0,132526.0,101.0,0.0,0.0926388888888889,0.0023835942891649,,0.0,0.0,0.0,0.0,100.0,0.0,,1.0,0.0,0.0,0.0,0.0,0.0,True
2024-09-11 20:32:00+00:00,-131.4,1.0,2.0,1.0,1.0,132627.0,132526.0,101.0,0.0,0.0926388888888889,0.0023835942891649,,0.0,0.0,0.0,0.0,100.0,0.0,,1.0,0.0,0.0,0.0,0.0,0.0,True
2024-09-11 20:33:00+00:00,-131.17666666666665,1.0,2.0,1.0,1.0,132627.0,132526.0,101.0,0.0,0.0926388888888889,0.0023835942891649,,0.0,0.0,0.0,0.0,100.0,0.0,,1.0,0.0,0.0,0.0,0.0,0.0,True
2024-09-11 20:34:00+00:00,-131.456,1.0,2.0,1.0,1.0,132627.0,132526.0,101.0,0.0,0.0926388888888889,0.0023835942891649,,0.0,0.0,0.0,0.0,100.0,0.0,,1.0,0.0,0.0,0.0,0.0,0.0,True
2024-09-11 20:35:00+00:00,-132.47666666666666,1.0,2.0,1.0,1.0,132627.0,132526.0,101.0,0.0,0.0926388888888889,0.0023835942891649,,0.0,0.0,0.0,0.0,100.0,0.0,,1.0,0.0,0.0,0.0,0.0,0.0,True
2024-09-11 20:36:00+00:00,-132.07,1.0,2.0,1.0,1.0,132627.0,132526.0,101.0,0.0,0.0926388888888889,0.0023835942891649,,0.0,0.0,0.0,0.0,100.0,0.0,,1.0,0.0,0.0,0.0,0.0,0.0,True
2024-09-11 20:37:00+00:00,-131.275,1.0,2.0,1.0,1.0,132627.0,132526.0,101.0,0.0,0.0926388888888889,0.0023835942891649,,0.0,0.0,0.0,0.0,100.0,0.0,,1.0,0.0,0.0,0.0,0.0,0.0,True
2024-09-11 20:38:00+00:00,-130.8725,1.0,2.0,1.0,1.0,132627.0,132526.0,101.0,0.0,0.0926388888888889,0.0023835942891649,,0.0,0.0,0.0,0.0,100.0,0.0,,1.0,0.0,0.0,0.0,0.0,0.0,True
2024-09-11 20:39:00+00:00,-132.01500000000001,1.0,2.0,1.0,1.0,132627.0,132526.0,101.0,0.0,0.0926388888888889,0.0023835942891649,,0.0,0.0,0.0,0.0,100.0,0.0,,1.0,0.0,0.0,0.0,0.0,0.0,True
2024-09-11 20:40:00+00:00,-132.5975,1.0,2.0,1.0,1.0,132627.0,132526.0,101.0,0.0,0.0926388888888889,0.0023835942891649,,0.0,0.0,0.0,0.0,100.0,0.0,,1.0,0.0,0.0,0.0,0.0,0.0,True
2024-09-11 20:41:00+00:00,-132.0025,1.0,2.0,1.0,1.0,132627.0,132526.0,101.0,0.0,0.0926388888888889,0.0023835942891649,,0.0,0.0,0.0,0.0,100.0,0.0,,1.0,0.0,0.0,0.0,0.0,0.0,True
2024-09-11 20:42:00+00:00,-131.19285714285715,1.0,2.0,1.0,1.0,132627.0,132526.0,101.0,0.0,0.0926388888888889,0.0023835942891649,,0.0,0.0,0.0,0.0,100.0,0.0,,1.0,0.0,0.0,0.0,0.0,0.0,True
2024-09-11 20:43:00+00:00,-131.34333333333333,1.0,2.0,1.0,1.0,132627.0,132526.0,101.0,0.0,0.0926388888888889,0.0023835942891649,,0.0,0.0,0.0,0.0,100.0,0.0,,1.0,0.0,0.0,0.0,0.0,0.0,True
2024-09-11 20:44:00+00:00,-131.69,1.0,2.0,1.0,1.0,132627.0,132526.0,101.0,0.0,0.0926388888888889,0.0023835942891649,,0.0,0.0,0.0,0.0,100.0,0.0,,1.0,0.0,0.0,0.0,0.0,0.0,True
2024-09-11 20:45:00+00:00,-131.584,1.0,2.0,1.0,1.0,132627.0,132526.0,101.0,0.0,0.0926388888888889,0.0023835942891649,,0.0,0.0,0.0,0.0,100.0,0.0,,1.0,0.0,0.0,0.0,0.0,0.0,True
2024-09-11 20:46:00+00:00,-131.825,1.0,2.0,1.0,1.0,132627.0,132526.0,101.0,0.0,0.0926388888888889,0.0023835942891649,,0.0,0.0,0.0,0.0,100.0,0.0,,1.0,0.0,0.0,0.0,0.0,0.0,True
2024-09-11 20:47:00+00:00,-131.90666666666667,1.0,2.0,1.0,1.0,132627.0,132526.0,101.0,0.0,0.0926388888888889,0.0023835942891649,,0.0,0.0,0.0,0.0,100.0,0.0,,1.0,0.0,0.0,0.0,0.0,0.0,True
2024-09-11 20:48:00+00:00,-131.04666666666665,1.0,2.0,1.0,1.0,132627.0,132526.0,101.0,0.0,0.0926388888888889,0.0023835942891649,,0.0,0.0,0.0,0.0,100.0,0.0,,1.0,0.0,0.0,0.0,0.0,0.0,True
2024-09-11 20:49:00+00:00,-130.512,1.0,2.0,1.0,1.0,132627.0,132526.0,101.0,0.0,0.0926388888888889,0.0023835942891649,,0.0,0.0,0.0,0.0,100.0,0.0,,1.0,0.0,0.0,0.0,0.0,0.0,True
2024-09-11 20:50:00+00:00,-130.99200000000002,1.0,2.0,1.0,1.0,132627.0,132526.0,101.0,0.0,0.0926388888888889,0.0023835942891649,,0.0,0.0,0.0,0.0,100.0,0.0,,1.0,0.0,0.0,0.0,0.0,0.0,True
2024-09-11 20:51:00+00:00,-131.42000000000002,1.0,2.0,1.0,1.0,132627.0,132526.0,101.0,0.0,0.0926388888888889,0.0023835942891649,,0.0,0.0,0.0,0.0,100.0,0.0,,1.0,0.0,0.0,0.0,0.0,0.0,True
2024-09-11 20:52:00+00:00,-131.81333333333333,1.0,2.0,1.0,1.0,132627.0,132526.0,101.0,0.0,0.0926388888888889,0.0023835942891649,,0.0,0.0,0.0,0.0,100.0,0.0,,1.0,0.0,0.0,0.0,0.0,0.0,True
2024-09-11 20:53:00+00:00,-131.36833333333334,1.0,2.0,1.0,1.0,132627.0,132526.0,101.0,0.0,0.0926388888888889,0.0023835942891649,,0.0,0.0,0.0,0.0,100.0,0.0,,1.0,0.0,0.0,0.0,0.0,0.0,True
2024-09-11 20:54:00+00:00,-131.1325,1.0,2.0,1.0,1.0,132627.0,132526.0,101.0,0.0,0.0926388888888889,0.0023835942891649,,0.0,0.0,0.0,0.0,100.0,0.0,,1.0,0.0,0.0,0.0,0.0,0.0,True
2024-09-11 20:55:00+00:00,-131.68,1.0,2.0,1.0,1.0,132627.0,132526.0,101.0,0.0,0.0926388888888889,0.0023835942891649,,0.0,0.0,0.0,0.0,100.0,0.0,,1.0,0.0,0.0,0.0,0.0,0.0,True
2024-09-11 20:56:00+00:00,-130.81571428571428,1.0,2.0,1.0,1.0,132627.0,132526.0,101.0,0.0,0.0926388888888889,0.0023835942891649,,0.0,0.0,0.0,0.0,100.0,0.0,,1.0,0.0,0.0,0.0,0.0,0.0,True
2024-09-11 20:57:00+00:00,-130.9825,1.0,2.0,1.0,1.0,132627.0,132526.0,101.0,0.0,0.0926388888888889,0.0023835942891649,,0.0,0.0,0.0,0.0,100.0,0.0,,1.0,0.0,0.0,0.0,0.0,0.0,True
2024-09-11 20:58:00+00:00,-131.828,1.0,2.0,1.0,1.0,132627.0,132526.0,101.0,0.0,0.0926388888888889,0.0023835942891649,,0.0,0.0,0.0,0.0,100.0,0.0,,1.0,0.0,0.0,0.0,0.0,0.0,True
2024-09-11 20:59:00+00:00,-132.274,1.0,2.0,1.0,1.0,132627.0,132526.0,101.0,0.0,0.0926388888888889,0.0023835942891649,,0.0,0.0,0.0,0.0,100.0,0.0,,1.0,0.0,0.0,0.0,0.0,0.0,True
2024-09-11 21:00:00+00:00,-131.34142857142857,1.0,2.0,1.0,1.0,132627.0,132526.0,101.0,0.0,0.0926388888888889,0.0023835942891649,,0.0,0.0,0.0,0.0,100.0,0.0,,1.0,0.0,0.0,0.0,0.0,0.0,True
2024-09-11 21:01:00+00:00,-130.665,1.0,2.0,1.0,1.0,132627.0,132526.0,101.0,0.0,0.0926388888888889,0.0023835942891649,,0.0,0.0,0.0,0.0,100.0,0.0,,1.0,0.0,0.0,0.0,0.0,0.0,True
2024-09-11 21:02:00+00:00,-130.29333333333332,1.0,2.0,1.0,1.0,132627.0,132526.0,101.0,0.0,0.0926388888888889,0.0023835942891649,,0.0,0.0,0.0,0.0,100.0,0.0,,1.0,0.0,0.0,0.0,0.0,0.0,True
2024-09-11 21:03:00+00:00,-130.762,1.0,2.0,1.0,1.0,132627.0,132526.0,101.0,0.0,0.0926388888888889,0.0023835942891649,,0.0,0.0,0.0,0.0,100.0,0.0,,1.0,0.0,0.0,0.0,0.0,0.0,True
2024-09-11 21:04:00+00:00,-131.52,1.0,2.0,1.0,1.0,132627.0,132526.0,101.0,0.0,0.0926388888888889,0.0023835942891649,,0.0,0.0,0.0,0.0,100.0,0.0,,1.0,0.0,0.0,0.0,0.0,0.0,True
2024-09-11 21:05:00+00:00,-130.75714285714284,1.0,2.0,1.0,1.0,132627.0,132526.0,101.0,0.0,0.0926388888888889,0.0023835942891649,,0.0,0.0,0.0,0.0,100.0,0.0,,1.0,0.0,0.0,0.0,0.0,0.0,True
2024-09-11 21:06:00+00:00,-130.18,1.0,2.0,1.0,1.0,132627.0,132526.0,101.0,0.0,0.0926388888888889,0.0023835942891649,,0.0,0.0,0.0,0.0,100.0,0.0,,1.0,0.0,0.0,0.0,0.0,0.0,True
2024-09-11 21:09:00+00:00,-130.04,1.0,2.0,1.0,1.0,132627.0,132526.0,101.0,0.0,0.0926388888888889,0.0023835942891649,,0.0,0.0,0.0,0.0,100.0,0.0,,1.0,0.0,0.0,0.0,0.0,0.0,True
2024-09-11 21:10:00+00:00,-130.76,1.0,2.0,1.0,1.0,132627.0,132526.0,101.0,0.0,0.0926388888888889,0.0023835942891649,,0.0,0.0,0.0,0.0,100.0,0.0,,1.0,0.0,0.0,0.0,0.0,0.0,True
2024-09-11 21:11:00+00:00,-130.5957142857143,1.0,2.0,1.0,1.0,132627.0,132526.0,101.0,0.0,0.0926388888888889,0.0023835942891649,,0.0,0.0,0.0,0.0,100.0,0.0,,1.0,0.0,0.0,0.0,0.0,0.0,True
2024-09-11 21:12:00+00:00,-130.794,1.0,2.0,1.0,1.0,132627.0,132526.0,101.0,0.0,0.0926388888888889,0.0023835942891649,,0.0,0.0,0.0,0.0,100.0,0.0,,1.0,0.0,0.0,0.0,0.0,0.0,True
2024-09-11 21:13:00+00:00,-131.78166666666667,1.0,2.0,1.0,1.0,132627.0,132526.0,101.0,0.0,0.0926388888888889,0.0023835942891649,,0.0,0.0,0.0,0.0,100.0,0.0,,1.0,0.0,0.0,0.0,0.0,0.0,True
2024-09-11 21:14:00+00:00,-131.38333333333333,1.0,2.0,1.0,1.0,132627.0,132526.0,101.0,0.0,0.0926388888888889,0.0023835942891649,,0.0,0.0,0.0,0.0,100.0,0.0,,1.0,0.0,0.0,0.0,0.0,0.0,True
2024-09-11 21:15:00+00:00,-130.90666666666667,1.0,2.0,1.0,1.0,132627.0,132526.0,101.0,0.0,0.0926388888888889,0.0023835942891649,,0.0,0.0,0.0,0.0,100.0,0.0,,1.0,0.0,0.0,0.0,0.0,0.0,True
2024-09-11 21:16:00+00:00,-131.196,1.0,2.0,1.0,1.0,132627.0,132526.0,101.0,0.0,0.0926388888888889,0.0023835942891649,,0.0,0.0,0.0,0.0,100.0,0.0,,1.0,0.0,0.0,0.0,0.0,0.0,True
2024-09-11 21:17:00+00:00,-131.48833333333334,1.0,2.0,1.0,1.0,132627.0,132526.0,101.0,0.0,0.0926388888888889,0.0023835942891649,,0.0,0.0,0.0,0.0,100.0,0.0,,1.0,0.0,0.0,0.0,0.0,0.0,True
2024-09-11 21:18:00+00:00,-131.97,1.0,2.0,1.0,1.0,132627.0,132526.0,101.0,0.0,0.0926388888888889,0.0023835942891649,,0.0,0.0,0.0,0.0,100.0,0.0,,1.0,0.0,0.0,0.0,0.0,0.0,True
2024-09-11 21:19:00+00:00,-131.65,1.0,2.0,1.0,1.0,132627.0,132526.0,101.0,0.0,0.0926388888888889,0.0023835942891649,,0.0,0.0,0.0,0.0,100.0,0.0,,1.0,0.0,0.0,0.0,0.0,0.0,True
2024-09-11 21:20:00+00:00,-130.80285714285714,1.0,2.0,1.0,1.0,132627.0,132526.0,101.0,0.0,0.0926388888888889,0.0023835942891649,,0.0,0.0,0.0,0.0,100.0,0.0,,1.0,0.0,0.0,0.0,0.0,0.0,True
2024-09-11 21:21:00+00:00,-130.20000000000002,1.0,2.0,1.0,1.0,132627.0,132526.0,101.0,0.0,0.0926388888888889,0.0023835942891649,,0.0,0.0,0.0,0.0,100.0,0.0,,1.0,0.0,0.0,0.0,0.0,0.0,True
2024-09-11 21:25:00+00:00,-130.01999999999998,1.0,2.0,1.0,1.0,132627.0,132526.0,101.0,0.0,0.0926388888888889,0.0023835942891649,,0.0,0.0,0.0,0.0,100.0,0.0,,1.0,0.0,0.0,0.0,0.0,0.0,True
2024-09-11 21:28:00+00:00,-130.04333333333332,1.0,2.0,1.0,1.0,132627.0,132526.0,101.0,0.0,0.0926388888888889,0.0023835942891649,,0.0,0.0,0.0,0.0,100.0,0.0,,1.0,0.0,0.0,0.0,0.0,0.0,True
2024-09-11 21:31:00+00:00,-130.724,1.0,2.0,1.0,1.0,132627.0,132526.0,101.0,0.0,0.0926388888888889,0.0023835942891649,,0.0,0.0,0.0,0.0,100.0,0.0,,1.0,0.0,0.0,0.0,0.0,0.0,True
2024-09-11 21:34:00+00:00,-130.27,1.0,2.0,1.0,1.0,132627.0,132526.0,101.0,0.0,0.0926388888888889,0.0023835942891649,,0.0,0.0,0.0,0.0,100.0,0.0,,1.0,0.0,0.0,0.0,0.0,0.0,True
2024-09-11 21:36:00+00:00,-130.01,1.0,2.0,1.0,1.0,132627.0,132526.0,101.0,0.0,0.0926388888888889,0.0023835942891649,,0.0,0.0,0.0,0.0,100.0,0.0,,1.0,0.0,0.0,0.0,0.0,0.0,True
2024-09-11 21:40:00+00:00,-130.135,1.0,2.0,1.0,1.0,132627.0,132526.0,101.0,0.0,0.0926388888888889,0.0023835942891649,,0.0,0.0,0.0,0.0,100.0,0.0,,1.0,0.0,0.0,0.0,0.0,0.0,True
2024-09-11 21:58:00+00:00,-130.6,1.0,2.0,1.0,1.0,132627.0,132526.0,101.0,0.0,0.0926388888888889,0.0023835942891649,,0.0,0.0,0.0,0.0,100.0,0.0,,1.0,0.0,0.0,0.0,0.0,0.0,True
2024-09-11 21:59:00+00:00,-130.68666666666667,1.0,2.0,1.0,1.0,132627.0,132526.0,101.0,0.0,0.0926388888888889,0.0023835942891649,,0.0,0.0,0.0,0.0,100.0,0.0,,1.0,0.0,0.0,0.0,0.0,0.0,True
2024-09-11 22:09:00+00:00,-130.21,1.0,2.0,1.0,1.0,132627.0,132526.0,101.0,0.0,0.0926388888888889,0.0023835942891649,,0.0,0.0,0.0,0.0,100.0,0.0,,1.0,0.0,0.0,0.0,0.0,0.0,True
2024-09-11 22:12:00+00:00,-130.64,1.0,2.0,1.0,1.0,132627.0,132526.0,101.0,0.0,0.0926388888888889,0.0023835942891649,,0.0,0.0,0.0,0.0,100.0,0.0,,1.0,0.0,0.0,0.0,0.0,0.0,True
2024-09-11 22:14:00+00:00,-130.25,1.0,2.0,1.0,1.0,132627.0,132526.0,101.0,0.0,0.0926388888888889,0.0023835942891649,,0.0,0.0,0.0,0.0,100.0,0.0,,1.0,0.0,0.0,0.0,0.0,0.0,True
2024-09-11 22:15:00+00:00,-130.452,1.0,2.0,1.0,1.0,132627.0,132526.0,101.0,0.0,0.0926388888888889,0.0023835942891649,,0.0,0.0,0.0,0.0,100.0,0.0,,1.0,0.0,0.0,0.0,0.0,0.0,True
2024-09-11 22:19:00+00:00,-130.16666666666666,1.0,2.0,1.0,1.0,132627.0,132526.0,101.0,0.0,0.0926388888888889,0.0023835942891649,,0.0,0.0,0.0,0.0,100.0,0.0,,1.0,0.0,0.0,0.0,0.0,0.0,True
2024-09-11 22:35:00+00:00,-130.01999999999998,1.0,2.0,1.0,1.0,132627.0,132526.0,101.0,0.0,0.0926388888888889,0.0023835942891649,,0.0,0.0,0.0,0.0,100.0,0.0,,1.0,0.0,0.0,0.0,0.0,0.0,True
2024-09-11 23:00:00+00:00,-130.2,1.0,2.0,1.0,1.0,132627.0,132526.0,101.0,0.0,0.0926388888888889,0.0023835942891649,,0.0,0.0,0.0,0.0,100.0,0.0,,1.0,0.0,0.0,0.0,0.0,0.0,True
2024-09-28 20:10:00+00:00,-123.34,1.0,2.0,1.0,1.0,132627.0,132526.0,101.0,0.0,0.0926388888888889,0.0023835942891649,,0.0,0.0,0.0,0.0,100.0,0.0,,1.0,0.0,0.0,0.0,0.0,0.0,True
2024-09-28 21:04:00+00:00,-130.0,1.0,2.0,1.0,1.0,132627.0,132526.0,101.0,0.0,0.0926388888888889,0.0023835942891649,,0.0,0.0,0.0,0.0,100.0,0.0,,1.0,0.0,0.0,0.0,0.0,0.0,True
2024-09-28 21:05:00+00:00,-130.125,1.0,2.0,1.0,1.0,132627.0,132526.0,101.0,0.0,0.0926388888888889,0.0023835942891649,,0.0,0.0,0.0,0.0,100.0,0.0,,1.0,0.0,0.0,0.0,0.0,0.0,True
2024-09-28 21:06:00+00:00,-130.2,1.0,2.0,1.0,1.0,132627.0,132526.0,101.0,0.0,0.0926388888888889,0.0023835942891649,,0.0,0.0,0.0,0.0,100.0,0.0,,1.0,0.0,0.0,0.0,0.0,0.0,True
2024-09-28 21:07:00+00:00,-130.355,1.0,2.0,1.0,1.0,132627.0,132526.0,101.0,0.0,0.0926388888888889,0.0023835942891649,,0.0,0.0,0.0,0.0,100.0,0.0,,1.0,0.0,0.0,0.0,0.0,0.0,True
2024-09-28 21:08:00+00:00,-130.51,1.0,2.0,1.0,1.0,132627.0,132526.0,101.0,0.0,0.0926388888888889,0.0023835942891649,,0.0,0.0,0.0,0.0,100.0,0.0,,1.0,0.0,0.0,0.0,0.0,0.0,True
2024-09-28 21:09:00+00:00,-130.62,1.0,2.0,1.0,1.0,132627.0,132526.0,101.0,0.0,0.0926388888888889,0.0023835942891649,,0.0,0.0,0.0,0.0,100.0,0.0,,1.0,0.0,0.0,0.0,0.0,0.0,True
2024-09-28 21:10:00+00:00,-130.775,1.0,2.0,1.0,1.0,132627.0,132526.0,101.0,0.0,0.0926388888888889,0.0023835942891649,,0.0,0.0,0.0,0.0,100.0,0.0,,1.0,0.0,0.0,0.0,0.0,0.0,True
2024-09-28 21:11:00+00:00,-130.915,1.0,2.0,1.0,1.0,132627.0,132526.0,101.0,0.0,0.0926388888888889,0.0023835942891649,,0.0,0.0,0.0,0.0,100.0,0.0,,1.0,0.0,0.0,0.0,0.0,0.0,True
2024-09-28 21:12:00+00:00,-131.06,1.0,2.0,1.0,1.0,132627.0,132526.0,101.0,0.0,0.0926388888888889,0.0023835942891649,,0.0,0.0,0.0,0.0,100.0,0.0,,1.0,0.0,0.0,0.0,0.0,0.0,True
2024-09-28 21:13:00+00:00,-131.19,1.0,2.0,1.0,1.0,132627.0,132526.0,101.0,0.0,0.0926388888888889,0.0023835942891649,,0.0,0.0,0.0,0.0,100.0,0.0,,1.0,0.0,0.0,0.0,0.0,0.0,True
2024-09-28 21:14:00+00:00,-131.315,1.0,2.0,1.0,1.0,132627.0,132526.0,101.0,0.0,0.0926388888888889,0.0023835942891649,,0.0,0.0,0.0,0.0,100.0,0.0,,1.0,0.0,0.0,0.0,0.0,0.0,True
2024-09-28 21:15:00+00:00,-131.435,1.0,2.0,1.0,1.0,132627.0,132526.0,101.0,0.0,0.0926388888888889,0.0023835942891649,,0.0,0.0,0.0,0.0,100.0,0.0,,1.0,0.0,0.0,0.0,0.0,0.0,True
2024-09-28 21:16:00+00:00,-131.57,1.0,2.0,1.0,1.0,132627.0,132526.0,101.0,0.0,0.0926388888888889,0.0023835942891649,,0.0,0.0,0.0,0.0,100.0,0.0,,1.0,0.0,0.0,0.0,0.0,0.0,True
2024-09-28 21:17:00+00:00,-131.68,1.0,2.0,1.0,1.0,132627.0,132526.0,101.0,0.0,0.0926388888888889,0.0023835942891649,,0.0,0.0,0.0,0.0,100.0,0.0,,1.0,0.0,0.0,0.0,0.0,0.0,True
2024-09-28 21:18:00+00:00,-131.75,1.0,2.0,1.0,1.0,132627.0,132526.0,101.0,0.0,0.0926388888888889,0.0023835942891649,,0.0,0.0,0.0,0.0,100.0,0.0,,1.0,0.0,0.0,0.0,0.0,0.0,True
2024-09-28 21:19:00+00:00,-131.875,1.0,2.0,1.0,1.0,132627.0,132526.0,101.0,0.0,0.0926388888888889,0.0023835942891649,,0.0,0.0,0.0,0.0,100.0,0.0,,1.0,0.0,0.0,0.0,0.0,0.0,True
2024-09-28 21:20:00+00:00,-132.01,1.0,2.0,1.0,1.0,132627.0,132526.0,101.0,0.0,0.0926388888888889,0.0023835942891649,,0.0,0.0,0.0,0.0,100.0,0.0,,1.0,0.0,0.0,0.0,0.0,0.0,True
2024-09-28 21:21:00+00:00,-132.13666666666666,1.0,2.0,1.0,1.0,132627.0,132526.0,101.0,0.0,0.0926388888888889,0.0023835942891649,,0.0,0.0,0.0,0.0,100.0,0.0,,1.0,0.0,0.0,0.0,0.0,0.0,True
2024-09-28 21:22:00+00:00,-132.27,1.0,2.0,1.0,1.0,132627.0,132526.0,101.0,0.0,0.0926388888888889,0.0023835942891649,,0.0,0.0,0.0,0.0,100.0,0.0,,1.0,0.0,0.0,0.0,0.0,0.0,True
2024-09-28 21:23:00+00:00,-132.37,1.0,2.0,1.0,1.0,132627.0,132526.0,101.0,0.0,0.0926388888888889,0.0023835942891649,,0.0,0.0,0.0,0.0,100.0,0.0,,1.0,0.0,0.0,0.0,0.0,0.0,True
2024-09-28 21:24:00+00:00,-132.5,1.0,2.0,1.0,1.0,132627.0,132526.0,101.0,0.0,0.0926388888888889,0.0023835942891649,,0.0,0.0,0.0,0.0,100.0,0.0,,1.0,0.0,0.0,0.0,0.0,0.0,True
2024-09-28 21:25:00+00:00,-132.66,1.0,2.0,1.0,1.0,132627.0,132526.0,101.0,0.0,0.0926388888888889,0.0023835942891649,,0.0,0.0,0.0,0.0,100.0,0.0,,1.0,0.0,0.0,0.0,0.0,0.0,True
2024-10-26 20:39:00+00:00,-132.56666666666666,1.0,2.0,1.0,1.0,132627.0,132526.0,101.0,0.0,0.0926388888888889,0.0023835942891649,,0.0,0.0,0.0,0.0,100.0,0.0,,1.0,0.0,0.0,0.0,0.0,0.0,True
2024-10-26 20:48:00+00:00,-132.44,1.0,2.0,1.0,1.0,132627.0,132526.0,101.0,0.0,0.0926388888888889,0.0023835942891649,,0.0,0.0,0.0,0.0,100.0,0.0,,1.0,0.0,0.0,0.0,0.0,0.0,True
2024-10-26 20:49:00+00:00,-131.41666666666666,1.0,2.0,1.0,1.0,132627.0,132526.0,101.0,0.0,0.0926388888888889,0.0023835942891649,,0.0,0.0,0.0,0.0,100.0,0.0,,1.0,0.0,0.0,0.0,0.0,0.0,True
2024-10-26 20:50:00+00:00,-130.8,1.0,2.0,1.0,1.0,132627.0,132526.0,101.0,0.0,0.0926388888888889,0.0023835942891649,,0.0,0.0,0.0,0.0,100.0,0.0,,1.0,0.0,0.0,0.0,0.0,0.0,True
2024-10-26 20:51:00+00:00,-130.46666666666667,1.0,2.0,1.0,1.0,132627.0,132526.0,101.0,0.0,0.0926388888888889,0.0023835942891649,,0.0,0.0,0.0,0.0,100.0,0.0,,1.0,0.0,0.0,0.0,0.0,0.0,True
2024-10-26 20:52:00+00:00,-131.98,1.0,2.0,1.0,1.0,132627.0,132526.0,101.0,0.0,0.0926388888888889,0.0023835942891649,,0.0,0.0,0.0,0.0,100.0,0.0,,1.0,0.0,0.0,0.0,0.0,0.0,True
2024-10-26 20:53:00+00:00,-131.79999999999998,1.0,2.0,1.0,1.0,132627.0,132526.0,101.0,0.0,0.0926388888888889,0.0023835942891649,,0.0,0.0,0.0,0.0,100.0,0.0,,1.0,0.0,0.0,0.0,0.0,0.0,True
2024-10-26 20:54:00+00:00,-130.63333333333333,1.0,2.0,1.0,1.0,132627.0,132526.0,101.0,0.0,0.0926388888888889,0.0023835942891649,,0.0,0.0,0.0,0.0,100.0,0.0,,1.0,0.0,0.0,0.0,0.0,0.0,True
2024-10-26 20:55:00+00:00,-130.1,1.0,2.0,1.0,1.0,132627.0,132526.0,101.0,0.0,0.0926388888888889,0.0023835942891649,,0.0,0.0,0.0,0.0,100.0,0.0,,1.0,0.0,0.0,0.0,0.0,0.0,True
2024-10-26 20:57:00+00:00,-132.16,1.0,2.0,1.0,1.0,132627.0,132526.0,101.0,0.0,0.0926388888888889,0.0023835942891649,,0.0,0.0,0.0,0.0,100.0,0.0,,1.0,0.0,0.0,0.0,0.0,0.0,True
2024-10-26 20:58:00+00:00,-132.55,1.0,2.0,1.0,1.0,132627.0,132526.0,101.0,0.0,0.0926388888888889,0.0023835942891649,,0.0,0.0,0.0,0.0,100.0,0.0,,1.0,0.0,0.0,0.0,0.0,0.0,True
2024-10-26 20:59:00+00:00,-132.16666666666666,1.0,2.0,1.0,1.0,132627.0,132526.0,101.0,0.0,0.0926388888888889,0.0023835942891649,,0.0,0.0,0.0,0.0,100.0,0.0,,1.0,0.0,0.0,0.0,0.0,0.0,True
2024-10-26 21:00:00+00:00,-131.11666666666667,1.0,2.0,1.0,1.0,132627.0,132526.0,101.0,0.0,0.0926388888888889,0.0023835942891649,,0.0,0.0,0.0,0.0,100.0,0.0,,1.0,0.0,0.0,0.0,0.0,0.0,True
2024-10-26 21:01:00+00:00,-131.2,1.0,2.0,1.0,1.0,132627.0,132526.0,101.0,0.0,0.0926388888888889,0.0023835942891649,,0.0,0.0,0.0,0.0,100.0,0.0,,1.0,0.0,0.0,0.0,0.0,0.0,True
2024-10-26 21:02:00+00:00,-132.34,1.0,2.0,1.0,1.0,132627.0,132526.0,101.0,0.0,0.0926388888888889,0.0023835942891649,,0.0,0.0,0.0,0.0,100.0,0.0,,1.0,0.0,0.0,0.0,0.0,0.0,True
2024-10-26 21:03:00+00:00,-131.41666666666666,1.0,2.0,1.0,1.0,132627.0,132526.0,101.0,0.0,0.0926388888888889,0.0023835942891649,,0.0,0.0,0.0,0.0,100.0,0.0,,1.0,0.0,0.0,0.0,0.0,0.0,True
2024-10-26 21:04:00+00:00,-130.3,1.0,2.0,1.0,1.0,132627.0,132526.0,101.0,0.0,0.0926388888888889,0.0023835942891649,,0.0,0.0,0.0,0.0,100.0,0.0,,1.0,0.0,0.0,0.0,0.0,0.0,True
2024-10-26 21:05:00+00:00,-130.625,1.0,2.0,1.0,1.0,132627.0,132526.0,101.0,0.0,0.0926388888888889,0.0023835942891649,,0.0,0.0,0.0,0.0,100.0,0.0,,1.0,0.0,0.0,0.0,0.0,0.0,True
2024-10-26 21:06:00+00:00,-132.43333333333334,1.0,2.0,1.0,1.0,132627.0,132526.0,101.0,0.0,0.0926388888888889,0.0023835942891649,,0.0,0.0,0.0,0.0,100.0,0.0,,1.0,0.0,0.0,0.0,0.0,0.0,True
2024-10-26 21:07:00+00:00,-132.36666666666667,1.0,2.0,1.0,1.0,132627.0,132526.0,101.0,0.0,0.0926388888888889,0.0023835942891649,,0.0,0.0,0.0,0.0,100.0,0.0,,1.0,0.0,0.0,0.0,0.0,0.0,True
2024-10-26 21:08:00+00:00,-132.4,1.0,2.0,1.0,1.0,132627.0,132526.0,101.0,0.0,0.0926388888888889,0.0023835942891649,,0.0,0.0,0.0,0.0,100.0,0.0,,1.0,0.0,0.0,0.0,0.0,0.0,True
2024-10-26 21:09:00+00:00,-132.6,1.0,2.0,1.0,1.0,132627.0,132526.0,101.0,0.0,0.0926388888888889,0.0023835942891649,,0.0,0.0,0.0,0.0,100.0,0.0,,1.0,0.0,0.0,0.0,0.0,0.0,True
2024-10-26 21:10:00+00:00,-132.125,1.0,2.0,1.0,1.0,132627.0,132526.0,101.0,0.0,0.0926388888888889,0.0023835942891649,,0.0,0.0,0.0,0.0,100.0,0.0,,1.0,0.0,0.0,0.0,0.0,0.0,True
2024-10-26 21:11:00+00:00,-130.96666666666667,1.0,2.0,1.0,1.0,132627.0,132526.0,101.0,0.0,0.0926388888888889,0.0023835942891649,,0.0,0.0,0.0,0.0,100.0,0.0,,1.0,0.0,0.0,0.0,0.0,0.0,True
2024-10-26 21:12:00+00:00,-130.32,1.0,2.0,1.0,1.0,132627.0,132526.0,101.0,0.0,0.0926388888888889,0.0023835942891649,,0.0,0.0,0.0,0.0,100.0,0.0,,1.0,0.0,0.0,0.0,0.0,0.0,True
2024-10-26 21:13:00+00:00,-131.54000000000002,1.0,2.0,1.0,1.0,132627.0,132526.0,101.0,0.0,0.0926388888888889,0.0023835942891649,,0.0,0.0,0.0,0.0,100.0,0.0,,1.0,0.0,0.0,0.0,0.0,0.0,True
2024-10-26 21:14:00+00:00,-132.35000000000002,1.0,2.0,1.0,1.0,132627.0,132526.0,101.0,0.0,0.0926388888888889,0.0023835942891649,,0.0,0.0,0.0,0.0,100.0,0.0,,1.0,0.0,0.0,0.0,0.0,0.0,True
2024-10-26 21:15:00+00:00,-132.45,1.0,2.0,1.0,1.0,132627.0,132526.0,101.0,0.0,0.0926388888888889,0.0023835942891649,,0.0,0.0,0.0,0.0,100.0,0.0,,1.0,0.0,0.0,0.0,0.0,0.0,True
2024-10-26 21:16:00+00:00,-132.35000000000002,1.0,2.0,1.0,1.0,132627.0,132526.0,101.0,0.0,0.0926388888888889,0.0023835942891649,,0.0,0.0,0.0,0.0,100.0,0.0,,1.0,0.0,0.0,0.0,0.0,0.0,True
2024-10-26 21:17:00+00:00,-132.2,1.0,2.0,1.0,1.0,132627.0,132526.0,101.0,0.0,0.0926388888888889,0.0023835942891649,,0.0,0.0,0.0,0.0,100.0,0.0,,1.0,0.0,0.0,0.0,0.0,0.0,True
2024-10-26 21:18:00+00:00,-131.27142857142857,1.0,2.0,1.0,1.0,132627.0,132526.0,101.0,0.0,0.0926388888888889,0.0023835942891649,,0.0,0.0,0.0,0.0,100.0,0.0,,1.0,0.0,0.0,0.0,0.0,0.0,True
2024-10-26 21:19:00+00:00,-130.3,1.0,2.0,1.0,1.0,132627.0,132526.0,101.0,0.0,0.0926388888888889,0.0023835942891649,,0.0,0.0,0.0,0.0,100.0,0.0,,1.0,0.0,0.0,0.0,0.0,0.0,True
2024-10-26 21:20:00+00:00,-130.0,1.0,2.0,1.0,1.0,132627.0,132526.0,101.0,0.0,0.0926388888888889,0.0023835942891649,,0.0,0.0,0.0,0.0,100.0,0.0,,1.0,0.0,0.0,0.0,0.0,0.0,True
2024-10-26 21:23:00+00:00,-130.24,1.0,2.0,1.0,1.0,132627.0,132526.0,101.0,0.0,0.0926388888888889,0.0023835942891649,,0.0,0.0,0.0,0.0,100.0,0.0,,1.0,0.0,0.0,0.0,0.0,0.0,True
2024-10-26 21:24:00+00:00,-130.14999999999998,1.0,2.0,1.0,1.0,132627.0,132526.0,101.0,0.0,0.0926388888888889,0.0023835942891649,,0.0,0.0,0.0,0.0,100.0,0.0,,1.0,0.0,0.0,0.0,0.0,0.0,True
2024-10-26 21:25:00+00:00,-130.05,1.0,2.0,1.0,1.0,132627.0,132526.0,101.0,0.0,0.0926388888888889,0.0023835942891649,,0.0,0.0,0.0,0.0,100.0,0.0,,1.0,0.0,0.0,0.0,0.0,0.0,True
2024-10-26 21:26:00+00:00,-131.48000000000002,1.0,2.0,1.0,1.0,132627.0,132526.0,101.0,0.0,0.0926388888888889,0.0023835942891649,,0.0,0.0,0.0,0.0,100.0,0.0,,1.0,0.0,0.0,0.0,0.0,0.0,True
2024-10-26 21:27:00+00:00,-131.925,1.0,2.0,1.0,1.0,132627.0,132526.0,101.0,0.0,0.0926388888888889,0.0023835942891649,,0.0,0.0,0.0,0.0,100.0,0.0,,1.0,0.0,0.0,0.0,0.0,0.0,True
2024-10-26 21:28:00+00:00,-132.3,1.0,2.0,1.0,1.0,132627.0,132526.0,101.0,0.0,0.0926388888888889,0.0023835942891649,,0.0,0.0,0.0,0.0,100.0,0.0,,1.0,0.0,0.0,0.0,0.0,0.0,True
2024-10-26 21:29:00+00:00,-132.4,1.0,2.0,1.0,1.0,132627.0,132526.0,101.0,0.0,0.0926388888888889,0.0023835942891649,,0.0,0.0,0.0,0.0,100.0,0.0,,1.0,0.0,0.0,0.0,0.0,0.0,True
2024-10-26 21:30:00+00:00,-132.3,1.0,2.0,1.0,1.0,132627.0,132526.0,101.0,0.0,0.0926388888888889,0.0023835942891649,,0.0,0.0,0.0,0.0,100.0,0.0,,1.0,0.0,0.0,0.0,0.0,0.0,True
2024-10-26 21:31:00+00:00,-131.775,1.0,2.0,1.0,1.0,132627.0,132526.0,101.0,0.0,0.0926388888888889,0.0023835942891649,,0.0,0.0,0.0,0.0,100.0,0.0,,1.0,0.0,0.0,0.0,0.0,0.0,True
2024-10-26 21:32:00+00:00,-131.03333333333333,1.0,2.0,1.0,1.0,132627.0,132526.0,101.0,0.0,0.0926388888888889,0.0023835942891649,,0.0,0.0,0.0,0.0,100.0,0.0,,1.0,0.0,0.0,0.0,0.0,0.0,True
2024-10-26 21:33:00+00:00,-132.2,1.0,2.0,1.0,1.0,132627.0,132526.0,101.0,0.0,0.0926388888888889,0.0023835942891649,,0.0,0.0,0.0,0.0,100.0,0.0,,1.0,0.0,0.0,0.0,0.0,0.0,True
2024-10-26 21:34:00+00:00,-132.5,1.0,2.0,1.0,1.0,132627.0,132526.0,101.0,0.0,0.0926388888888889,0.0023835942891649,,0.0,0.0,0.0,0.0,100.0,0.0,,1.0,0.0,0.0,0.0,0.0,0.0,True
2024-10-26 21:35:00+00:00,-132.5,1.0,,,,,,,,,,,,,,,,,,,,,,,,True
2024-10-26 21:36:00+00:00,-132.5,1.0,2.0,1.0,1.0,132627.0,132526.0,101.0,0.0,0.0926388888888889,0.0023835942891649,,0.0,0.0,0.0,0.0,100.0,0.0,,1.0,0.0,0.0,0.0,0.0,0.0,True
2024-10-26 21:37:00+00:00,-132.55,1.0,2.0,1.0,1.0,132627.0,132526.0,101.0,0.0,0.0926388888888889,0.0023835942891649,,0.0,0.0,0.0,0.0,100.0,0.0,,1.0,0.0,0.0,0.0,0.0,0.0,True
2024-10-26 21:38:00+00:00,-132.5,1.0,2.0,1.0,1.0,132627.0,132526.0,101.0,0.0,0.0926388888888889,0.0023835942891649,,0.0,0.0,0.0,0.0,100.0,0.0,,1.0,0.0,0.0,0.0,0.0,0.0,True
2024-10-26 21:39:00+00:00,-132.45,1.0,2.0,1.0,1.0,132627.0,132526.0,101.0,0.0,0.0926388888888889,0.0023835942891649,,0.0,0.0,0.0,0.0,100.0,0.0,,1.0,0.0,0.0,0.0,0.0,0.0,True
2024-10-26 21:40:00+00:00,-132.5,1.0,2.0,1.0,1.0,132627.0,132526.0,101.0,0.0,0.0926388888888889,0.0023835942891649,,0.0,0.0,0.0,0.0,100.0,0.0,,1.0,0.0,0.0,0.0,0.0,0.0,True
2024-10-26 21:41:00+00:00,-132.64999999999998,1.0,2.0,1.0,1.0,132627.0,132526.0,101.0,0.0,0.0926388888888889,0.0023835942891649,,0.0,0.0,0.0,0.0,100.0,0.0,,1.0,0.0,0.0,0.0,0.0,0.0,True
2024-10-26 21:42:00+00:00,-132.6,1.0,2.0,1.0,1.0,132627.0,132526.0,101.0,0.0,0.0926388888888889,0.0023835942891649,,0.0,0.0,0.0,0.0,100.0,0.0,,1.0,0.0,0.0,0.0,0.0,0.0,True
2024-10-26 21:43:00+00:00,-132.66,1.0,2.0,1.0,1.0,132627.0,132526.0,101.0,0.0,0.0926388888888889,0.0023835942891649,,0.0,0.0,0.0,0.0,100.0,0.0,,1.0,0.0,0.0,0.0,0.0,0.0,True
2024-10-26 21:44:00+00:00,-132.46666666666667,1.0,2.0,1.0,1.0,132627.0,132526.0,101.0,0.0,0.0926388888888889,0.0023835942891649,,0.0,0.0,0.0,0.0,100.0,0.0,,1.0,0.0,0.0,0.0,0.0,0.0,True
2024-10-26 21:45:00+00:00,-131.6,1.0,2.0,1.0,1.0,132627.0,132526.0,101.0,0.0,0.0926388888888889,0.0023835942891649,,0.0,0.0,0.0,0.0,100.0,0.0,,1.0,0.0,0.0,0.0,0.0,0.0,True
2024-10-26 21:46:00+00:00,-131.88,1.0,2.0,1.0,1.0,132627.0,132526.0,101.0,0.0,0.0926388888888889,0.0023835942891649,,0.0,0.0,0.0,0.0,100.0,0.0,,1.0,0.0,0.0,0.0,0.0,0.0,True
2024-10-26 21:47:00+00:00,-132.55,1.0,2.0,1.0,1.0,132627.0,132526.0,101.0,0.0,0.0926388888888889,0.0023835942891649,,0.0,0.0,0.0,0.0,100.0,0.0,,1.0,0.0,0.0,0.0,0.0,0.0,True
2024-10-26 21:50:00+00:00,-132.6,1.0,2.0,1.0,1.0,132627.0,132526.0,101.0,0.0,0.0926388888888889,0.0023835942891649,,0.0,0.0,0.0,0.0,100.0,0.0,,1.0,0.0,0.0,0.0,0.0,0.0,True
2024-10-26 21:51:00+00:00,-132.35000000000002,1.0,2.0,1.0,1.0,132627.0,132526.0,101.0,0.0,0.0926388888888889,0.0023835942891649,,0.0,0.0,0.0,0.0,100.0,0.0,,1.0,0.0,0.0,0.0,0.0,0.0,True
2024-10-26 21:52:00+00:00,-131.66,1.0,2.0,1.0,1.0,132627.0,132526.0,101.0,0.0,0.0926388888888889,0.0023835942891649,,0.0,0.0,0.0,0.0,100.0,0.0,,1.0,0.0,0.0,0.0,0.0,0.0,True
2024-10-26 21:53:00+00:00,-131.75,1.0,2.0,1.0,1.0,132627.0,132526.0,101.0,0.0,0.0926388888888889,0.0023835942891649,,0.0,0.0,0.0,0.0,100.0,0.0,,1.0,0.0,0.0,0.0,0.0,0.0,True
2024-10-26 21:54:00+00:00,-132.4,1.0,2.0,1.0,1.0,132627.0,132526.0,101.0,0.0,0.0926388888888889,0.0023835942891649,,0.0,0.0,0.0,0.0,100.0,0.0,,1.0,0.0,0.0,0.0,0.0,0.0,True
2024-10-26 21:55:00+00:00,-132.6,1.0,2.0,1.0,1.0,132627.0,132526.0,101.0,0.0,0.0926388888888889,0.0023835942891649,,0.0,0.0,0.0,0.0,100.0,0.0,,1.0,0.0,0.0,0.0,0.0,0.0,True
2024-10-26 21:56:00+00:00,-132.43333333333334,1.0,2.0,1.0,1.0,132627.0,132526.0,101.0,0.0,0.0926388888888889,0.0023835942891649,,0.0,0.0,0.0,0.0,100.0,0.0,,1.0,0.0,0.0,0.0,0.0,0.0,True
2024-10-26 21:57:00+00:00,-132.25,1.0,2.0,1.0,1.0,132627.0,132526.0,101.0,0.0,0.0926388888888889,0.0023835942891649,,0.0,0.0,0.0,0.0,100.0,0.0,,1.0,0.0,0.0,0.0,0.0,0.0,True
2024-10-26 21:58:00+00:00,-131.57999999999998,1.0,2.0,1.0,1.0,132627.0,132526.0,101.0,0.0,0.0926388888888889,0.0023835942891649,,0.0,0.0,0.0,0.0,100.0,0.0,,1.0,0.0,0.0,0.0,0.0,0.0,True
2024-10-26 22:05:00+00:00,-130.86666666666667,1.0,2.0,1.0,1.0,132627.0,132526.0,101.0,0.0,0.0926388888888889,0.0023835942891649,,0.0,0.0,0.0,0.0,100.0,0.0,,1.0,0.0,0.0,0.0,0.0,0.0,True
2024-10-26 22:06:00+00:00,-131.29999999999998,1.0,2.0,1.0,1.0,132627.0,132526.0,101.0,0.0,0.0926388888888889,0.0023835942891649,,0.0,0.0,0.0,0.0,100.0,0.0,,1.0,0.0,0.0,0.0,0.0,0.0,True
2024-10-26 22:07:00+00:00,-131.35,1.0,2.0,1.0,1.0,132627.0,132526.0,101.0,0.0,0.0926388888888889,0.0023835942891649,,0.0,0.0,0.0,0.0,100.0,0.0,,1.0,0.0,0.0,0.0,0.0,0.0,True
2024-10-26 22:08:00+00:00,-130.68,1.0,2.0,1.0,1.0,132627.0,132526.0,101.0,0.0,0.0926388888888889,0.0023835942891649,,0.0,0.0,0.0,0.0,100.0,0.0,,1.0,0.0,0.0,0.0,0.0,0.0,True
2024-10-26 22:11:00+00:00,-130.75,1.0,2.0,1.0,1.0,132627.0,132526.0,101.0,0.0,0.0926388888888889,0.0023835942891649,,0.0,0.0,0.0,0.0,100.0,0.0,,1.0,0.0,0.0,0.0,0.0,0.0,True
2024-10-26 22:12:00+00:00,-131.4,1.0,2.0,1.0,1.0,132627.0,132526.0,101.0,0.0,0.0926388888888889,0.0023835942891649,,0.0,0.0,0.0,0.0,100.0,0.0,,1.0,0.0,0.0,0.0,0.0,0.0,True
2024-10-26 22:13:00+00:00,-131.4,1.0,2.0,1.0,1.0,132627.0,132526.0,101.0,0.0,0.0926388888888889,0.0023835942891649,,0.0,0.0,0.0,0.0,100.0,0.0,,1.0,0.0,0.0,0.0,0.0,0.0,True
2024-10-26 22:14:00+00:00,-131.46666666666667,1.0,2.0,1.0,1.0,132627.0,132526.0,101.0,0.0,0.0926388888888889,0.0023835942891649,,0.0,0.0,0.0,0.0,100.0,0.0,,1.0,0.0,0.0,0.0,0.0,0.0,True
2024-10-26 22:18:00+00:00,-130.9,1.0,2.0,1.0,1.0,132627.0,132526.0,101.0,0.0,0.0926388888888889,0.0023835942891649,,0.0,0.0,0.0,0.0,100.0,0.0,,1.0,0.0,0.0,0.0,0.0,0.0,True
2024-10-26 22:19:00+00:00,-130.92000000000002,1.0,2.0,1.0,1.0,132627.0,132526.0,101.0,0.0,0.0926388888888889,0.0023835942891649,,0.0,0.0,0.0,0.0,100.0,0.0,,1.0,0.0,0.0,0.0,0.0,0.0,True
2024-10-26 22:23:00+00:00,-130.1,1.0,2.0,1.0,1.0,132627.0,132526.0,101.0,0.0,0.0926388888888889,0.0023835942891649,,0.0,0.0,0.0,0.0,100.0,0.0,,1.0,0.0,0.0,0.0,0.0,0.0,True
2024-10-26 22:24:00+00:00,-130.95,1.0,2.0,1.0,1.0,132627.0,132526.0,101.0,0.0,0.0926388888888889,0.0023835942891649,,0.0,0.0,0.0,0.0,100.0,0.0,,1.0,0.0,0.0,0.0,0.0,0.0,True
2024-10-26 22:25:00+00:00,-131.3,1.0,2.0,1.0,1.0,132627.0,132526.0,101.0,0.0,0.0926388888888889,0.0023835942891649,,0.0,0.0,0.0,0.0,100.0,0.0,,1.0,0.0,0.0,0.0,0.0,0.0,True
2024-10-26 22:26:00+00:00,-131.04000000000002,1.0,2.0,1.0,1.0,132627.0,132526.0,101.0,0.0,0.0926388888888889,0.0023835942891649,,0.0,0.0,0.0,0.0,100.0,0.0,,1.0,0.0,0.0,0.0,0.0,0.0,True
2024-10-26 22:27:00+00:00,-130.42000000000002,1.0,2.0,1.0,1.0,132627.0,132526.0,101.0,0.0,0.0926388888888889,0.0023835942891649,,0.0,0.0,0.0,0.0,100.0,0.0,,1.0,0.0,0.0,0.0,0.0,0.0,True
2024-10-26 22:28:00+00:00,-130.78333333333333,1.0,2.0,1.0,1.0,132627.0,132526.0,101.0,0.0,0.0926388888888889,0.0023835942891649,,0.0,0.0,0.0,0.0,100.0,0.0,,1.0,0.0,0.0,0.0,0.0,0.0,True
2024-10-26 22:29:00+00:00,-130.95000000000002,1.0,2.0,1.0,1.0,132627.0,132526.0,101.0,0.0,0.0926388888888889,0.0023835942891649,,0.0,0.0,0.0,0.0,100.0,0.0,,1.0,0.0,0.0,0.0,0.0,0.0,True
2024-10-26 22:37:00+00:00,-130.82,1.0,2.0,1.0,1.0,132627.0,132526.0,101.0,0.0,0.0926388888888889,0.0023835942891649,,0.0,0.0,0.0,0.0,100.0,0.0,,1.0,0.0,0.0,0.0,0.0,0.0,True
2024-10-26 22:38:00+00:00,-131.0,1.0,2.0,1.0,1.0,132627.0,132526.0,101.0,0.0,0.0926388888888889,0.0023835942891649,,0.0,0.0,0.0,0.0,100.0,0.0,,1.0,0.0,0.0,0.0,0.0,0.0,True
2024-10-26 22:39:00+00:00,-130.58333333333334,1.0,2.0,1.0,1.0,132627.0,132526.0,101.0,0.0,0.0926388888888889,0.0023835942891649,,0.0,0.0,0.0,0.0,100.0,0.0,,1.0,0.0,0.0,0.0,0.0,0.0,True
2024-10-26 22:40:00+00:00,-131.025,1.0,2.0,1.0,1.0,132627.0,132526.0,101.0,0.0,0.0926388888888889,0.0023835942891649,,0.0,0.0,0.0,0.0,100.0,0.0,,1.0,0.0,0.0,0.0,0.0,0.0,True
2024-10-26 22:41:00+00:00,-131.3,1.0,2.0,1.0,1.0,132627.0,132526.0,101.0,0.0,0.0926388888888889,0.0023835942891649,,0.0,0.0,0.0,0.0,100.0,0.0,,1.0,0.0,0.0,0.0,0.0,0.0,True
2024-10-26 22:42:00+00:00,-131.17000000000002,1.0,,,,,,,,,,,,,,,,,,,,,,,,True
2024-10-26 22:43:00+00:00,-131.04000000000002,1.0,2.0,1.0,1.0,132627.0,132526.0,101.0,0.0,0.0926388888888889,0.0023835942891649,,0.0,0.0,0.0,0.0,100.0,0.0,,1.0,0.0,0.0,0.0,0.0,0.0,True
2024-10-26 22:45:00+00:00,-130.6,1.0,2.0,1.0,1.0,132627.0,132526.0,101.0,0.0,0.0926388888888889,0.0023835942891649,,0.0,0.0,0.0,0.0,100.0,0.0,,1.0,0.0,0.0,0.0,0.0,0.0,True
2024-10-26 22:52:00+00:00,-130.5,1.0,2.0,1.0,1.0,132627.0,132526.0,101.0,0.0,0.0926388888888889,0.0023835942891649,,0.0,0.0,0.0,0.0,100.0,0.0,,1.0,0.0,0.0,0.0,0.0,0.0,True
2024-10-26 22:53:00+00:00,-130.95,1.0,2.0,1.0,1.0,132627.0,132526.0,101.0,0.0,0.0926388888888889,0.0023835942891649,,0.0,0.0,0.0,0.0,100.0,0.0,,1.0,0.0,0.0,0.0,0.0,0.0,True
2024-10-26 22:54:00+00:00,-131.05,1.0,2.0,1.0,1.0,132627.0,132526.0,101.0,0.0,0.0926388888888889,0.0023835942891649,,0.0,0.0,0.0,0.0,100.0,0.0,,1.0,0.0,0.0,0.0,0.0,0.0,True
2024-11-08 21:49:00+00:00,-130.0,1.0,2.0,1.0,1.0,132627.0,132526.0,101.0,0.0,0.0926388888888889,0.0023835942891649,,0.0,0.0,0.0,0.0,100.0,0.0,,1.0,0.0,0.0,0.0,0.0,0.0,True
2024-11-08 21:50:00+00:00,-130.05,1.0,2.0,1.0,1.0,132627.0,132526.0,101.0,0.0,0.0926388888888889,0.0023835942891649,,0.0,0.0,0.0,0.0,100.0,0.0,,1.0,0.0,0.0,0.0,0.0,0.0,True
2024-11-08 21:51:00+00:00,-130.1,1.0,2.0,1.0,1.0,132627.0,132526.0,101.0,0.0,0.0926388888888889,0.0023835942891649,,0.0,0.0,0.0,0.0,100.0,0.0,,1.0,0.0,0.0,0.0,0.0,0.0,True
2024-11-08 21:52:00+00:00,-130.175,1.0,,,,,,,,,,,,,,,,,,,,,,,,True
2024-11-08 21:53:00+00:00,-130.25,1.0,2.0,1.0,1.0,132627.0,132526.0,101.0,0.0,0.0926388888888889,0.0023835942891649,,0.0,0.0,0.0,0.0,100.0,0.0,,1.0,0.0,0.0,0.0,0.0,0.0,True
2024-11-08 21:54:00+00:00,-130.5,1.0,2.0,1.0,1.0,132627.0,132526.0,101.0,0.0,0.0926388888888889,0.0023835942891649,,0.0,0.0,0.0,0.0,100.0,0.0,,1.0,0.0,0.0,0.0,0.0,0.0,True
2024-11-08 21:55:00+00:00,-130.6,1.0,,,,,,,,,,,,,,,,,,,,,,,,True
2024-11-08 21:56:00+00:00,-130.7,1.0,2.0,1.0,1.0,132627.0,132526.0,101.0,0.0,0.0926388888888889,0.0023835942891649,,0.0,0.0,0.0,0.0,100.0,0.0,,1.0,0.0,0.0,0.0,0.0,0.0,True
2024-11-08 21:57:00+00:00,-130.75,1.0,2.0,1.0,1.0,132627.0,132526.0,101.0,0.0,0.0926388888888889,0.0023835942891649,,0.0,0.0,0.0,0.0,100.0,0.0,,1.0,0.0,0.0,0.0,0.0,0.0,True
2024-11-08 21:58:00+00:00,-130.9,1.0,2.0,1.0,1.0,132627.0,132526.0,101.0,0.0,0.0926388888888889,0.0023835942891649,,0.0,0.0,0.0,0.0,100.0,0.0,,1.0,0.0,0.0,0.0,0.0,0.0,True
2024-11-08 21:59:00+00:00,-130.96666666666667,1.0,2.0,1.0,1.0,132627.0,132526.0,101.0,0.0,0.0926388888888889,0.0023835942891649,,0.0,0.0,0.0,0.0,100.0,0.0,,1.0,0.0,0.0,0.0,0.0,0.0,True
2024-11-08 22:00:00+00:00,-131.06666666666666,1.0,2.0,1.0,1.0,132627.0,132526.0,101.0,0.0,0.0926388888888889,0.0023835942891649,,0.0,0.0,0.0,0.0,100.0,0.0,,1.0,0.0,0.0,0.0,0.0,0.0,True
2024-11-08 22:01:00+00:00,-131.15833333333333,1.0,,,,,,,,,,,,,,,,,,,,,,,,True
2024-11-08 22:02:00+00:00,-131.25,1.0,2.0,1.0,1.0,132627.0,132526.0,101.0,0.0,0.0926388888888889,0.0023835942891649,,0.0,0.0,0.0,0.0,100.0,0.0,,1.0,0.0,0.0,0.0,0.0,0.0,True
2024-11-08 22:03:00+00:00,-131.4,1.0,2.0,1.0,1.0,132627.0,132526.0,101.0,0.0,0.0926388888888889,0.0023835942891649,,0.0,0.0,0.0,0.0,100.0,0.0,,1.0,0.0,0.0,0.0,0.0,0.0,True
2024-11-08 22:04:00+00:00,-131.5,1.0,2.0,1.0,1.0,132627.0,132526.0,101.0,0.0,0.0926388888888889,0.0023835942891649,,0.0,0.0,0.0,0.0,100.0,0.0,,1.0,0.0,0.0,0.0,0.0,0.0,True
2024-11-08 22:05:00+00:00,-131.55,1.0,,,,,,,,,,,,,,,,,,,,,,,,True
2024-11-08 22:06:00+00:00,-131.6,1.0,2.0,1.0,1.0,132627.0,132526.0,101.0,0.0,0.0926388888888889,0.0023835942891649,,0.0,0.0,0.0,0.0,100.0,0.0,,1.0,0.0,0.0,0.0,0.0,0.0,True
2024-11-08 22:07:00+00:00,-131.675,1.0,,,,,,,,,,,,,,,,,,,,,,,,True
2024-11-08 22:08:00+00:00,-131.75,1.0,2.0,1.0,1.0,132627.0,132526.0,101.0,0.0,0.0926388888888889,0.0023835942891649,,0.0,0.0,0.0,0.0,100.0,0.0,,1.0,0.0,0.0,0.0,0.0,0.0,True
2024-11-08 22:09:00+00:00,-131.8,1.0,2.0,1.0,1.0,132627.0,132526.0,101.0,0.0,0.0926388888888889,0.0023835942891649,,0.0,0.0,0.0,0.0,100.0,0.0,,1.0,0.0,0.0,0.0,0.0,0.0,True
2024-11-08 22:10:00+00:00,-131.9,1.0,2.0,1.0,1.0,132627.0,132526.0,101.0,0.0,0.0926388888888889,0.0023835942891649,,0.0,0.0,0.0,0.0,100.0,0.0,,1.0,0.0,0.0,0.0,0.0,0.0,True
2024-11-08 22:11:00+00:00,-131.8,1.0,2.0,1.0,1.0,132627.0,132526.0,101.0,0.0,0.0926388888888889,0.0023835942891649,,0.0,0.0,0.0,0.0,100.0,0.0,,1.0,0.0,0.0,0.0,0.0,0.0,True
2024-11-08 22:12:00+00:00,-131.875,1.0,,,,,,,,,,,,,,,,,,,,,,,,True
2024-11-08 22:13:00+00:00,-131.95,1.0,2.0,1.0,1.0,132627.0,132526.0,101.0,0.0,0.0926388888888889,0.0023835942891649,,0.0,0.0,0.0,0.0,100.0,0.0,,1.0,0.0,0.0,0.0,0.0,0.0,True
2024-11-08 22:14:00+00:00,-132.1,1.0,2.0,1.0,1.0,132627.0,132526.0,101.0,0.0,0.0926388888888889,0.0023835942891649,,0.0,0.0,0.0,0.0,100.0,0.0,,1.0,0.0,0.0,0.0,0.0,0.0,True
2024-11-08 22:15:00+00:00,-132.2,1.0,2.0,1.0,1.0,132627.0,132526.0,101.0,0.0,0.0926388888888889,0.0023835942891649,,0.0,0.0,0.0,0.0,100.0,0.0,,1.0,0.0,0.0,0.0,0.0,0.0,True
2024-11-08 22:16:00+00:00,-132.3,1.0,2.0,1.0,1.0,132627.0,132526.0,101.0,0.0,0.0926388888888889,0.0023835942891649,,0.0,0.0,0.0,0.0,100.0,0.0,,1.0,0.0,0.0,0.0,0.0,0.0,True
2024-11-08 22:17:00+00:00,-132.3,1.0,2.0,1.0,1.0,132627.0,132526.0,101.0,0.0,0.0926388888888889,0.0023835942891649,,0.0,0.0,0.0,0.0,100.0,0.0,,1.0,0.0,0.0,0.0,0.0,0.0,True
2024-11-08 22:18:00+00:00,-132.4,1.0,2.0,1.0,1.0,132627.0,132526.0,101.0,0.0,0.0926388888888889,0.0023835942891649,,0.0,0.0,0.0,0.0,100.0,0.0,,1.0,0.0,0.0,0.0,0.0,0.0,True
2024-11-08 22:19:00+00:00,-132.5,1.0,2.0,1.0,1.0,132627.0,132526.0,101.0,0.0,0.0926388888888889,0.0023835942891649,,0.0,0.0,0.0,0.0,100.0,0.0,,1.0,0.0,0.0,0.0,0.0,0.0,True
2024-11-08 22:20:00+00:00,-132.4,1.0,2.0,1.0,1.0,132627.0,132526.0,101.0,0.0,0.0926388888888889,0.0023835942891649,,0.0,0.0,0.0,0.0,100.0,0.0,,1.0,0.0,0.0,0.0,0.0,0.0,True
2024-11-08 22:21:00+00:00,-132.5,1.0,2.0,1.0,1.0,132627.0,132526.0,101.0,0.0,0.0926388888888889,0.0023835942891649,,0.0,0.0,0.0,0.0,100.0,0.0,,1.0,0.0,0.0,0.0,0.0,0.0,True
2024-11-08 22:22:00+00:00,-132.55,1.0,2.0,1.0,1.0,132627.0,132526.0,101.0,0.0,0.0926388888888889,0.0023835942891649,,0.0,0.0,0.0,0.0,100.0,0.0,,1.0,0.0,0.0,0.0,0.0,0.0,True
2024-11-08 22:51:00+00:00,-132.6,1.0,2.0,1.0,1.0,132627.0,132526.0,101.0,0.0,0.0926388888888889,0.0023835942891649,,0.0,0.0,0.0,0.0,100.0,0.0,,1.0,0.0,0.0,0.0,0.0,0.0,True
2024-11-08 22:55:00+00:00,-132.53333333333333,1.0,2.0,1.0,1.0,132627.0,132526.0,101.0,0.0,0.0926388888888889,0.0023835942891649,,0.0,0.0,0.0,0.0,100.0,0.0,,1.0,0.0,0.0,0.0,0.0,0.0,True
2024-11-08 22:56:00+00:00,-132.49166666666667,1.0,,,,,,,,,,,,,,,,,,,,,,,,True
2024-11-08 22:57:00+00:00,-132.45,1.0,2.0,1.0,1.0,132627.0,132526.0,101.0,0.0,0.0926388888888889,0.0023835942891649,,0.0,0.0,0.0,0.0,100.0,0.0,,1.0,0.0,0.0,0.0,0.0,0.0,True
2024-11-08 22:58:00+00:00,-132.425,1.0,,,,,,,,,,,,,,,,,,,,,,,,True
2024-11-08 22:59:00+00:00,-132.4,1.0,2.0,1.0,1.0,132627.0,132526.0,101.0,0.0,0.0926388888888889,0.0023835942891649,,0.0,0.0,0.0,0.0,100.0,0.0,,1.0,0.0,0.0,0.0,0.0,0.0,True
2024-11-08 23:00:00+00:00,-132.375,1.0,,,,,,,,,,,,,,,,,,,,,,,,True
2024-11-08 23:01:00+00:00,-132.35000000000002,1.0,,,,,,,,,,,,,,,,,,,,,,,,True
2024-11-08 23:02:00+00:00,-132.32500000000002,1.0,,,,,,,,,,,,,,,,,,,,,,,,True
2024-11-08 23:03:00+00:00,-132.3,1.0,2.0,1.0,1.0,132627.0,132526.0,101.0,0.0,0.0926388888888889,0.0023835942891649,,0.0,0.0,0.0,0.0,100.0,0.0,,1.0,0.0,0.0,0.0,0.0,0.0,True
2024-11-08 23:04:00+00:00,-132.26666666666668,1.0,,,,,,,,,,,,,,,,,,,,,,,,True
2024-11-08 23:05:00+00:00,-132.23333333333332,1.0,,,,,,,,,,,,,,,,,,,,,,,,True
2024-11-08 23:06:00+00:00,-132.2,1.0,2.0,1.0,1.0,132627.0,132526.0,101.0,0.0,0.0926388888888889,0.0023835942891649,,0.0,0.0,0.0,0.0,100.0,0.0,,1.0,0.0,0.0,0.0,0.0,0.0,True
2024-11-08 23:07:00+00:00,-132.14999999999998,1.0,2.0,1.0,1.0,132627.0,132526.0,101.0,0.0,0.0926388888888889,0.0023835942891649,,0.0,0.0,0.0,0.0,100.0,0.0,,1.0,0.0,0.0,0.0,0.0,0.0,True
2024-11-08 23:08:00+00:00,-132.08749999999998,1.0,,,,,,,,,,,,,,,,,,,,,,,,True
2024-11-08 23:09:00+00:00,-132.025,1.0,2.0,1.0,1.0,132627.0,132526.0,101.0,0.0,0.0926388888888889,0.0023835942891649,,0.0,0.0,0.0,0.0,100.0,0.0,,1.0,0.0,0.0,0.0,0.0,0.0,True
2024-11-08 23:10:00+00:00,-131.9625,1.0,,,,,,,,,,,,,,,,,,,,,,,,True
2024-11-08 23:11:00+00:00,-131.9,1.0,2.0,1.0,1.0,132627.0,132526.0,101.0,0.0,0.0926388888888889,0.0023835942891649,,0.0,0.0,0.0,0.0,100.0,0.0,,1.0,0.0,0.0,0.0,0.0,0.0,True
2024-11-08 23:12:00+00:00,-131.88,1.0,,,,,,,,,,,,,,,,,,,,,,,,True
2024-11-08 23:13:00+00:00,-131.86,1.0,,,,,,,,,,,,,,,,,,,,,,,,True
2024-11-08 23:14:00+00:00,-131.84,1.0,,,,,,,,,,,,,,,,,,,,,,,,True
2024-11-08 23:15:00+00:00,-131.82000000000002,1.0,,,,,,,,,,,,,,,,,,,,,,,,True
2024-11-08 23:16:00+00:00,-131.8,1.0,2.0,1.0,1.0,132627.0,132526.0,101.0,0.0,0.0926388888888889,0.0023835942891649,,0.0,0.0,0.0,0.0,100.0,0.0,,1.0,0.0,0.0,0.0,0.0,0.0,True
2024-11-08 23:17:00+00:00,-131.8,1.0,,,,,,,,,,,,,,,,,,,,,,,,True
2024-11-08 23:18:00+00:00,-131.8,1.0,2.0,1.0,1.0,132627.0,132526.0,101.0,0.0,0.0926388888888889,0.0023835942891649,,0.0,0.0,0.0,0.0,100.0,0.0,,1.0,0.0,0.0,0.0,0.0,0.0,True
2024-11-08 23:19:00+00:00,-131.7,1.0,2.0,1.0,1.0,132627.0,132526.0,101.0,0.0,0.0926388888888889,0.0023835942891649,,0.0,0.0,0.0,0.0,100.0,0.0,,1.0,0.0,0.0,0.0,0.0,0.0,True
2024-11-08 23:20:00+00:00,-131.64999999999998,1.0,2.0,1.0,1.0,132627.0,132526.0,101.0,0.0,0.0926388888888889,0.0023835942891649,,0.0,0.0,0.0,0.0,100.0,0.0,,1.0,0.0,0.0,0.0,0.0,0.0,True
2024-11-08 23:21:00+00:00,-131.63333333333333,1.0,2.0,1.0,1.0,132627.0,132526.0,101.0,0.0,0.0926388888888889,0.0023835942891649,,0.0,0.0,0.0,0.0,100.0,0.0,,1.0,0.0,0.0,0.0,0.0,0.0,True
2024-11-08 23:22:00+00:00,-131.60555555555555,1.0,,,,,,,,,,,,,,,,,,,,,,,,True
2024-11-08 23:23:00+00:00,-131.57777777777778,1.0,,,,,,,,,,,,,,,,,,,,,,,,True
2024-11-08 23:24:00+00:00,-131.55,1.0,2.0,1.0,1.0,132627.0,132526.0,101.0,0.0,0.0926388888888889,0.0023835942891649,,0.0,0.0,0.0,0.0,100.0,0.0,,1.0,0.0,0.0,0.0,0.0,0.0,True
2024-11-08 23:25:00+00:00,-131.51250000000002,1.0,,,,,,,,,,,,,,,,,,,,,,,,True
2024-11-08 23:26:00+00:00,-131.47500000000002,1.0,,,,,,,,,,,,,,,,,,,,,,,,True
2024-11-08 23:27:00+00:00,-131.4375,1.0,,,,,,,,,,,,,,,,,,,,,,,,True
2024-11-08 23:28:00+00:00,-131.4,1.0,2.0,1.0,1.0,132627.0,132526.0,101.0,0.0,0.0926388888888889,0.0023835942891649,,0.0,0.0,0.0,0.0,100.0,0.0,,1.0,0.0,0.0,0.0,0.0,0.0,True
2024-11-08 23:29:00+00:00,-131.3,1.0,2.0,1.0,1.0,132627.0,132526.0,101.0,0.0,0.0926388888888889,0.0023835942891649,,0.0,0.0,0.0,0.0,100.0,0.0,,1.0,0.0,0.0,0.0,0.0,0.0,True
2024-11-08 23:30:00+00:00,-131.2,1.0,2.0,1.0,1.0,132627.0,132526.0,101.0,0.0,0.0926388888888889,0.0023835942891649,,0.0,0.0,0.0,0.0,100.0,0.0,,1.0,0.0,0.0,0.0,0.0,0.0,True
2024-11-08 23:31:00+00:00,-131.1,1.0,2.0,1.0,1.0,132627.0,132526.0,101.0,0.0,0.0926388888888889,0.0023835942891649,,0.0,0.0,0.0,0.0,100.0,0.0,,1.0,0.0,0.0,0.0,0.0,0.0,True
2024-11-08 23:32:00+00:00,-131.0,1.0,2.0,1.0,1.0,132627.0,132526.0,101.0,0.0,0.0926388888888889,0.0023835942891649,,0.0,0.0,0.0,0.0,100.0,0.0,,1.0,0.0,0.0,0.0,0.0,0.0,True
2024-11-08 23:33:00+00:00,-130.95,1.0,,,,,,,,,,,,,,,,,,,,,,,,True
2024-11-08 23:34:00+00:00,-130.9,1.0,2.0,1.0,1.0,132627.0,132526.0,101.0,0.0,0.0926388888888889,0.0023835942891649,,0.0,0.0,0.0,0.0,100.0,0.0,,1.0,0.0,0.0,0.0,0.0,0.0,True
2024-11-08 23:35:00+00:00,-131.0,1.0,2.0,1.0,1.0,132627.0,132526.0,101.0,0.0,0.0926388888888889,0.0023835942891649,,0.0,0.0,0.0,0.0,100.0,0.0,,1.0,0.0,0.0,0.0,0.0,0.0,True
2024-11-08 23:36:00+00:00,-130.9,1.0,2.0,1.0,1.0,132627.0,132526.0,101.0,0.0,0.0926388888888889,0.0023835942891649,,0.0,0.0,0.0,0.0,100.0,0.0,,1.0,0.0,0.0,0.0,0.0,0.0,True
2024-11-08 23:37:00+00:00,-130.8,1.0,2.0,1.0,1.0,132627.0,132526.0,101.0,0.0,0.0926388888888889,0.0023835942891649,,0.0,0.0,0.0,0.0,100.0,0.0,,1.0,0.0,0.0,0.0,0.0,0.0,True
2024-11-08 23:38:00+00:00,-130.76666666666668,1.0,,,,,,,,,,,,,,,,,,,,,,,,True
2024-11-08 23:39:00+00:00,-130.73333333333332,1.0,,,,,,,,,,,,,,,,,,,,,,,,True
2024-11-08 23:40:00+00:00,-130.7,1.0,2.0,1.0,1.0,132627.0,132526.0,101.0,0.0,0.0926388888888889,0.0023835942891649,,0.0,0.0,0.0,0.0,100.0,0.0,,1.0,0.0,0.0,0.0,0.0,0.0,True
2024-11-08 23:41:00+00:00,-130.64999999999998,1.0,,,,,,,,,,,,,,,,,,,,,,,,True
2024-11-08 23:42:00+00:00,-130.6,1.0,2.0,1.0,1.0,132627.0,132526.0,101.0,0.0,0.0926388888888889,0.0023835942891649,,0.0,0.0,0.0,0.0,100.0,0.0,,1.0,0.0,0.0,0.0,0.0,0.0,True
2024-11-08 23:43:00+00:00,-130.56666666666666,1.0,,,,,,,,,,,,,,,,,,,,,,,,True
2024-11-08 23:44:00+00:00,-130.53333333333333,1.0,,,,,,,,,,,,,,,,,,,,,,,,True
2024-11-08 23:45:00+00:00,-130.5,1.0,2.0,1.0,1.0,132627.0,132526.0,101.0,0.0,0.0926388888888889,0.0023835942891649,,0.0,0.0,0.0,0.0,100.0,0.0,,1.0,0.0,0.0,0.0,0.0,0.0,True
2024-11-08 23:46:00+00:00,-130.4,1.0,2.0,1.0,1.0,132627.0,132526.0,101.0,0.0,0.0926388888888889,0.0023835942891649,,0.0,0.0,0.0,0.0,100.0,0.0,,1.0,0.0,0.0,0.0,0.0,0.0,True
2024-11-08 23:47:00+00:00,-130.375,1.0,,,,,,,,,,,,,,,,,,,,,,,,True
2024-11-08 23:48:00+00:00,-130.35000000000002,1.0,,,,,,,,,,,,,,,,,,,,,,,,True
2024-11-08 23:49:00+00:00,-130.32500000000002,1.0,,,,,,,,,,,,,,,,,,,,,,,,True
2024-11-08 23:50:00+00:00,-130.3,1.0,2.0,1.0,1.0,132627.0,132526.0,101.0,0.0,0.0926388888888889,0.0023835942891649,,0.0,0.0,0.0,0.0,100.0,0.0,,1.0,0.0,0.0,0.0,0.0,0.0,True
2024-11-08 23:51:00+00:00,-130.25,1.0,,,,,,,,,,,,,,,,,,,,,,,,True
2024-11-08 23:52:00+00:00,-130.2,1.0,2.0,1.0,1.0,132627.0,132526.0,101.0,0.0,0.0926388888888889,0.0023835942891649,,0.0,0.0,0.0,0.0,100.0,0.0,,1.0,0.0,0.0,0.0,0.0,0.0,True
2024-11-08 23:53:00+00:00,-130.3,1.0,2.0,1.0,1.0,132627.0,132526.0,101.0,0.0,0.0926388888888889,0.0023835942891649,,0.0,0.0,0.0,0.0,100.0,0.0,,1.0,0.0,0.0,0.0,0.0,0.0,True
2024-11-08 23:54:00+00:00,-130.2,1.0,2.0,1.0,1.0,132627.0,132526.0,101.0,0.0,0.0926388888888889,0.0023835942891649,,0.0,0.0,0.0,0.0,100.0,0.0,,1.0,0.0,0.0,0.0,0.0,0.0,True
2024-11-08 23:55:00+00:00,-130.1,1.0,2.0,1.0,1.0,132627.0,132526.0,101.0,0.0,0.0926388888888889,0.0023835942891649,,0.0,0.0,0.0,0.0,100.0,0.0,,1.0,0.0,0.0,0.0,0.0,0.0,True
2024-11-08 23:56:00+00:00,-130.075,1.0,,,,,,,,,,,,,,,,,,,,,,,,True
2024-11-08 23:57:00+00:00,-130.05,1.0,,,,,,,,,,,,,,,,,,,,,,,,True
2024-11-08 23:58:00+00:00,-130.025,1.0,,,,,,,,,,,,,,,,,,,,,,,,True
2024-11-08 23:59:00+00:00,-130.0,1.0,2.0,1.0,1.0,132627.0,132526.0,101.0,0.0,0.0926388888888889,0.0023835942891649,,0.0,0.0,0.0,0.0,100.0,0.0,,1.0,0.0,0.0,0.0,0.0,0.0,True
2024-11-09 14:53:00+00:00,-100.0,1.0,2.0,1.0,1.0,132627.0,132526.0,101.0,0.0,0.0926388888888889,0.0023835942891649,,0.0,0.0,0.0,0.0,100.0,0.0,,1.0,0.0,0.0,0.0,0.0,0.0,True
2024-11-09 14:54:00+00:00,-97.5,1.0,2.0,1.0,1.0,132627.0,132526.0,101.0,0.0,0.0926388888888889,0.0023835942891649,,0.0,0.0,0.0,0.0,100.0,0.0,,1.0,0.0,0.0,0.0,0.0,0.0,True
2024-11-09 20:28:00+00:00,-130.0,1.0,2.0,1.0,1.0,132627.0,132526.0,101.0,0.0,0.0926388888888889,0.0023835942891649,,0.0,0.0,0.0,0.0,100.0,0.0,,1.0,0.0,0.0,0.0,0.0,0.0,True
2024-11-09 20:29:00+00:00,-130.05,1.0,2.0,1.0,1.0,132627.0,132526.0,101.0,0.0,0.0926388888888889,0.0023835942891649,,0.0,0.0,0.0,0.0,100.0,0.0,,1.0,0.0,0.0,0.0,0.0,0.0,True
2024-11-09 20:30:00+00:00,-130.05,1.0,2.0,1.0,1.0,132627.0,132526.0,101.0,0.0,0.0926388888888889,0.0023835942891649,,0.0,0.0,0.0,0.0,100.0,0.0,,1.0,0.0,0.0,0.0,0.0,0.0,True
2024-11-09 20:31:00+00:00,-130.1,1.0,2.0,1.0,1.0,132627.0,132526.0,101.0,0.0,0.0926388888888889,0.0023835942891649,,0.0,0.0,0.0,0.0,100.0,0.0,,1.0,0.0,0.0,0.0,0.0,0.0,True
2024-11-09 20:32:00+00:00,-130.2,1.0,2.0,1.0,1.0,132627.0,132526.0,101.0,0.0,0.0926388888888889,0.0023835942891649,,0.0,0.0,0.0,0.0,100.0,0.0,,1.0,0.0,0.0,0.0,0.0,0.0,True
2024-11-09 20:33:00+00:00,-130.35000000000002,1.0,2.0,1.0,1.0,132627.0,132526.0,101.0,0.0,0.0926388888888889,0.0023835942891649,,0.0,0.0,0.0,0.0,100.0,0.0,,1.0,0.0,0.0,0.0,0.0,0.0,True
2024-11-09 20:34:00+00:00,-130.3,1.0,2.0,1.0,1.0,132627.0,132526.0,101.0,0.0,0.0926388888888889,0.0023835942891649,,0.0,0.0,0.0,0.0,100.0,0.0,,1.0,0.0,0.0,0.0,0.0,0.0,True
2024-11-09 20:35:00+00:00,-130.5,1.0,2.0,1.0,1.0,132627.0,132526.0,101.0,0.0,0.0926388888888889,0.0023835942891649,,0.0,0.0,0.0,0.0,100.0,0.0,,1.0,0.0,0.0,0.0,0.0,0.0,True
2024-11-09 20:36:00+00:00,-130.7,1.0,2.0,1.0,1.0,132627.0,132526.0,101.0,0.0,0.0926388888888889,0.0023835942891649,,0.0,0.0,0.0,0.0,100.0,0.0,,1.0,0.0,0.0,0.0,0.0,0.0,True
2024-11-09 20:37:00+00:00,-130.71666666666664,1.0,,,,,,,,,,,,,,,,,,,,,,,,True
2024-11-09 20:38:00+00:00,-130.73333333333332,1.0,2.0,1.0,1.0,132627.0,132526.0,101.0,0.0,0.0926388888888889,0.0023835942891649,,0.0,0.0,0.0,0.0,100.0,0.0,,1.0,0.0,0.0,0.0,0.0,0.0,True
2024-11-09 20:39:00+00:00,-130.85,1.0,2.0,1.0,1.0,132627.0,132526.0,101.0,0.0,0.0926388888888889,0.0023835942891649,,0.0,0.0,0.0,0.0,100.0,0.0,,1.0,0.0,0.0,0.0,0.0,0.0,True
2024-11-09 20:40:00+00:00,-131.14999999999998,1.0,2.0,1.0,1.0,132627.0,132526.0,101.0,0.0,0.0926388888888889,0.0023835942891649,,0.0,0.0,0.0,0.0,100.0,0.0,,1.0,0.0,0.0,0.0,0.0,0.0,True
2024-11-09 20:41:00+00:00,-131.0,1.0,2.0,1.0,1.0,132627.0,132526.0,101.0,0.0,0.0926388888888889,0.0023835942891649,,0.0,0.0,0.0,0.0,100.0,0.0,,1.0,0.0,0.0,0.0,0.0,0.0,True
2024-11-09 20:42:00+00:00,-130.95,1.0,2.0,1.0,1.0,132627.0,132526.0,101.0,0.0,0.0926388888888889,0.0023835942891649,,0.0,0.0,0.0,0.0,100.0,0.0,,1.0,0.0,0.0,0.0,0.0,0.0,True
2024-11-09 20:43:00+00:00,-131.0,1.0,2.0,1.0,1.0,132627.0,132526.0,101.0,0.0,0.0926388888888889,0.0023835942891649,,0.0,0.0,0.0,0.0,100.0,0.0,,1.0,0.0,0.0,0.0,0.0,0.0,True
2024-11-09 20:44:00+00:00,-131.13333333333333,1.0,2.0,1.0,1.0,132627.0,132526.0,101.0,0.0,0.0926388888888889,0.0023835942891649,,0.0,0.0,0.0,0.0,100.0,0.0,,1.0,0.0,0.0,0.0,0.0,0.0,True
2025-01-16 15:25:00+00:00,-132.66,1.0,2.0,1.0,1.0,132627.0,132526.0,101.0,0.0,0.0926388888888889,0.0023835942891649,,0.0,0.0,0.0,0.0,100.0,0.0,,1.0,0.0,0.0,0.0,0.0,0.0,True
2025-01-16 15:26:00+00:00,-132.51,1.0,2.0,1.0,1.0,132627.0,132526.0,101.0,0.0,0.0926388888888889,0.0023835942891649,,0.0,0.0,0.0,0.0,100.0,0.0,,1.0,0.0,0.0,0.0,0.0,0.0,True
2025-01-16 15:27:00+00:00,-132.52666666666667,1.0,2.0,1.0,1.0,132627.0,132526.0,101.0,0.0,0.0926388888888889,0.0023835942891649,,0.0,0.0,0.0,0.0,100.0,0.0,,1.0,0.0,0.0,0.0,0.0,0.0,True
2025-01-16 15:28:00+00:00,-132.47,1.0,2.0,1.0,1.0,132627.0,132526.0,101.0,0.0,0.0926388888888889,0.0023835942891649,,0.0,0.0,0.0,0.0,100.0,0.0,,1.0,0.0,0.0,0.0,0.0,0.0,True
2025-01-16 15:29:00+00:00,-132.375,1.0,2.0,1.0,1.0,132627.0,132526.0,101.0,0.0,0.0926388888888889,0.0023835942891649,,0.0,0.0,0.0,0.0,100.0,0.0,,1.0,0.0,0.0,0.0,0.0,0.0,True
2025-01-16 15:30:00+00:00,-132.32,1.0,2.0,1.0,1.0,132627.0,132526.0,101.0,0.0,0.0926388888888889,0.0023835942891649,,0.0,0.0,0.0,0.0,100.0,0.0,,1.0,0.0,0.0,0.0,0.0,0.0,True
2025-01-16 15:31:00+00:00,-132.31,1.0,2.0,1.0,1.0,132627.0,132526.0,101.0,0.0,0.0926388888888889,0.0023835942891649,,0.0,0.0,0.0,0.0,100.0,0.0,,1.0,0.0,0.0,0.0,0.0,0.0,True
2025-01-16 15:32:00+00:00,-132.3,1.0,2.0,1.0,1.0,132627.0,132526.0,101.0,0.0,0.0926388888888889,0.0023835942891649,,0.0,0.0,0.0,0.0,100.0,0.0,,1.0,0.0,0.0,0.0,0.0,0.0,True
2025-01-16 15:33:00+00:00,-132.185,1.0,2.0,1.0,1.0,132627.0,132526.0,101.0,0.0,0.0926388888888889,0.0023835942891649,,0.0,0.0,0.0,0.0,100.0,0.0,,1.0,0.0,0.0,0.0,0.0,0.0,True
2025-01-16 15:34:00+00:00,-132.20499999999998,1.0,2.0,1.0,1.0,132627.0,132526.0,101.0,0.0,0.0926388888888889,0.0023835942891649,,0.0,0.0,0.0,0.0,100.0,0.0,,1.0,0.0,0.0,0.0,0.0,0.0,True
2025-01-16 15:35:00+00:00,-132.28,1.0,2.0,1.0,1.0,132627.0,132526.0,101.0,0.0,0.0926388888888889,0.0023835942891649,,0.0,0.0,0.0,0.0,100.0,0.0,,1.0,0.0,0.0,0.0,0.0,0.0,True
2025-01-16 15:36:00+00:00,-132.26,1.0,2.0,1.0,1.0,132627.0,132526.0,101.0,0.0,0.0926388888888889,0.0023835942891649,,0.0,0.0,0.0,0.0,100.0,0.0,,1.0,0.0,0.0,0.0,0.0,0.0,True
2025-01-16 15:37:00+00:00,-132.175,1.0,2.0,1.0,1.0,132627.0,132526.0,101.0,0.0,0.0926388888888889,0.0023835942891649,,0.0,0.0,0.0,0.0,100.0,0.0,,1.0,0.0,0.0,0.0,0.0,0.0,True
2025-01-16 15:38:00+00:00,-132.07,1.0,2.0,1.0,1.0,132627.0,132526.0,101.0,0.0,0.0926388888888889,0.0023835942891649,,0.0,0.0,0.0,0.0,100.0,0.0,,1.0,0.0,0.0,0.0,0.0,0.0,True
2025-01-16 15:39:00+00:00,-131.92,1.0,2.0,1.0,1.0,132627.0,132526.0,101.0,0.0,0.0926388888888889,0.0023835942891649,,0.0,0.0,0.0,0.0,100.0,0.0,,1.0,0.0,0.0,0.0,0.0,0.0,True
2025-01-16 15:40:00+00:00,-131.99,1.0,2.0,1.0,1.0,132627.0,132526.0,101.0,0.0,0.0926388888888889,0.0023835942891649,,0.0,0.0,0.0,0.0,100.0,0.0,,1.0,0.0,0.0,0.0,0.0,0.0,True
2025-01-16 15:41:00+00:00,-132.04,1.0,2.0,1.0,1.0,132627.0,132526.0,101.0,0.0,0.0926388888888889,0.0023835942891649,,0.0,0.0,0.0,0.0,100.0,0.0,,1.0,0.0,0.0,0.0,0.0,0.0,True
2025-01-16 15:42:00+00:00,-132.06,1.0,2.0,1.0,1.0,132627.0,132526.0,101.0,0.0,0.0926388888888889,0.0023835942891649,,0.0,0.0,0.0,0.0,100.0,0.0,,1.0,0.0,0.0,0.0,0.0,0.0,True
2025-01-16 15:43:00+00:00,-132.08,1.0,2.0,1.0,1.0,132627.0,132526.0,101.0,0.0,0.0926388888888889,0.0023835942891649,,0.0,0.0,0.0,0.0,100.0,0.0,,1.0,0.0,0.0,0.0,0.0,0.0,True
2025-01-16 15:44:00+00:00,-132.15,1.0,2.0,1.0,1.0,132627.0,132526.0,101.0,0.0,0.0926388888888889,0.0023835942891649,,0.0,0.0,0.0,0.0,100.0,0.0,,1.0,0.0,0.0,0.0,0.0,0.0,True
2025-01-16 15:45:00+00:00,-132.28333333333333,1.0,2.0,1.0,1.0,132627.0,132526.0,101.0,0.0,0.0926388888888889,0.0023835942891649,,0.0,0.0,0.0,0.0,100.0,0.0,,1.0,0.0,0.0,0.0,0.0,0.0,True
2025-01-16 15:46:00+00:00,-132.26333333333335,1.0,2.0,1.0,1.0,132627.0,132526.0,101.0,0.0,0.0926388888888889,0.0023835942891649,,0.0,0.0,0.0,0.0,100.0,0.0,,1.0,0.0,0.0,0.0,0.0,0.0,True
2025-01-16 15:47:00+00:00,-132.04666666666665,1.0,2.0,1.0,1.0,132627.0,132526.0,101.0,0.0,0.0926388888888889,0.0023835942891649,,0.0,0.0,0.0,0.0,100.0,0.0,,1.0,0.0,0.0,0.0,0.0,0.0,True
2025-01-16 15:48:00+00:00,-131.804,1.0,2.0,1.0,1.0,132627.0,132526.0,101.0,0.0,0.0926388888888889,0.0023835942891649,,0.0,0.0,0.0,0.0,100.0,0.0,,1.0,0.0,0.0,0.0,0.0,0.0,True
2025-01-16 15:49:00+00:00,-131.68,1.0,2.0,1.0,1.0,132627.0,132526.0,101.0,0.0,0.0926388888888889,0.0023835942891649,,0.0,0.0,0.0,0.0,100.0,0.0,,1.0,0.0,0.0,0.0,0.0,0.0,True
2025-01-16 15:50:00+00:00,-131.53,1.0,2.0,1.0,1.0,132627.0,132526.0,101.0,0.0,0.0926388888888889,0.0023835942891649,,0.0,0.0,0.0,0.0,100.0,0.0,,1.0,0.0,0.0,0.0,0.0,0.0,True
2025-01-16 15:51:00+00:00,-131.555,1.0,2.0,1.0,1.0,132627.0,132526.0,101.0,0.0,0.0926388888888889,0.0023835942891649,,0.0,0.0,0.0,0.0,100.0,0.0,,1.0,0.0,0.0,0.0,0.0,0.0,True
2025-01-16 15:52:00+00:00,-131.44,1.0,2.0,1.0,1.0,132627.0,132526.0,101.0,0.0,0.0926388888888889,0.0023835942891649,,0.0,0.0,0.0,0.0,100.0,0.0,,1.0,0.0,0.0,0.0,0.0,0.0,True
2025-01-16 15:53:00+00:00,-131.37,1.0,2.0,1.0,1.0,132627.0,132526.0,101.0,0.0,0.0926388888888889,0.0023835942891649,,0.0,0.0,0.0,0.0,100.0,0.0,,1.0,0.0,0.0,0.0,0.0,0.0,True
2025-01-16 15:54:00+00:00,-131.265,1.0,2.0,1.0,1.0,132627.0,132526.0,101.0,0.0,0.0926388888888889,0.0023835942891649,,0.0,0.0,0.0,0.0,100.0,0.0,,1.0,0.0,0.0,0.0,0.0,0.0,True
2025-01-16 15:55:00+00:00,-131.26,1.0,2.0,1.0,1.0,132627.0,132526.0,101.0,0.0,0.0926388888888889,0.0023835942891649,,0.0,0.0,0.0,0.0,100.0,0.0,,1.0,0.0,0.0,0.0,0.0,0.0,True
2025-01-16 15:56:00+00:00,-131.28,1.0,2.0,1.0,1.0,132627.0,132526.0,101.0,0.0,0.0926388888888889,0.0023835942891649,,0.0,0.0,0.0,0.0,100.0,0.0,,1.0,0.0,0.0,0.0,0.0,0.0,True
2025-01-16 15:57:00+00:00,-131.185,1.0,2.0,1.0,1.0,132627.0,132526.0,101.0,0.0,0.0926388888888889,0.0023835942891649,,0.0,0.0,0.0,0.0,100.0,0.0,,1.0,0.0,0.0,0.0,0.0,0.0,True
2025-01-16 15:58:00+00:00,-131.21,1.0,2.0,1.0,1.0,132627.0,132526.0,101.0,0.0,0.0926388888888889,0.0023835942891649,,0.0,0.0,0.0,0.0,100.0,0.0,,1.0,0.0,0.0,0.0,0.0,0.0,True
2025-01-16 15:59:00+00:00,-131.285,1.0,2.0,1.0,1.0,132627.0,132526.0,101.0,0.0,0.0926388888888889,0.0023835942891649,,0.0,0.0,0.0,0.0,100.0,0.0,,1.0,0.0,0.0,0.0,0.0,0.0,True
2025-01-16 16:00:00+00:00,-131.38,1.0,2.0,1.0,1.0,132627.0,132526.0,101.0,0.0,0.0926388888888889,0.0023835942891649,,0.0,0.0,0.0,0.0,100.0,0.0,,1.0,0.0,0.0,0.0,0.0,0.0,True
2025-01-16 16:01:00+00:00,-131.39,1.0,2.0,1.0,1.0,132627.0,132526.0,101.0,0.0,0.0926388888888889,0.0023835942891649,,0.0,0.0,0.0,0.0,100.0,0.0,,1.0,0.0,0.0,0.0,0.0,0.0,True
2025-01-16 16:02:00+00:00,-131.285,1.0,2.0,1.0,1.0,132627.0,132526.0,101.0,0.0,0.0926388888888889,0.0023835942891649,,0.0,0.0,0.0,0.0,100.0,0.0,,1.0,0.0,0.0,0.0,0.0,0.0,True
2025-01-16 16:03:00+00:00,-131.19,1.0,2.0,1.0,1.0,132627.0,132526.0,101.0,0.0,0.0926388888888889,0.0023835942891649,,0.0,0.0,0.0,0.0,100.0,0.0,,1.0,0.0,0.0,0.0,0.0,0.0,True
2025-01-16 16:04:00+00:00,-131.16,1.0,,,,,,,,,,,,,,,,,,,,,,,,True
2025-01-16 16:05:00+00:00,-131.13,1.0,2.0,1.0,1.0,132627.0,132526.0,101.0,0.0,0.0926388888888889,0.0023835942891649,,0.0,0.0,0.0,0.0,100.0,0.0,,1.0,0.0,0.0,0.0,0.0,0.0,True
2025-01-16 16:06:00+00:00,-131.11,1.0,2.0,1.0,1.0,132627.0,132526.0,101.0,0.0,0.0926388888888889,0.0023835942891649,,0.0,0.0,0.0,0.0,100.0,0.0,,1.0,0.0,0.0,0.0,0.0,0.0,True
2025-01-16 16:07:00+00:00,-131.25,1.0,2.0,1.0,1.0,132627.0,132526.0,101.0,0.0,0.0926388888888889,0.0023835942891649,,0.0,0.0,0.0,0.0,100.0,0.0,,1.0,0.0,0.0,0.0,0.0,0.0,True
2025-01-16 16:08:00+00:00,-131.32,1.0,2.0,1.0,1.0,132627.0,132526.0,101.0,0.0,0.0926388888888889,0.0023835942891649,,0.0,0.0,0.0,0.0,100.0,0.0,,1.0,0.0,0.0,0.0,0.0,0.0,True
2025-01-16 16:09:00+00:00,-131.225,1.0,2.0,1.0,1.0,132627.0,132526.0,101.0,0.0,0.0926388888888889,0.0023835942891649,,0.0,0.0,0.0,0.0,100.0,0.0,,1.0,0.0,0.0,0.0,0.0,0.0,True
2025-01-16 16:10:00+00:00,-131.125,1.0,2.0,1.0,1.0,132627.0,132526.0,101.0,0.0,0.0926388888888889,0.0023835942891649,,0.0,0.0,0.0,0.0,100.0,0.0,,1.0,0.0,0.0,0.0,0.0,0.0,True
2025-01-16 16:11:00+00:00,-131.1,1.0,2.0,1.0,1.0,132627.0,132526.0,101.0,0.0,0.0926388888888889,0.0023835942891649,,0.0,0.0,0.0,0.0,100.0,0.0,,1.0,0.0,0.0,0.0,0.0,0.0,True
2025-01-16 16:12:00+00:00,-131.01,1.0,2.0,1.0,1.0,132627.0,132526.0,101.0,0.0,0.0926388888888889,0.0023835942891649,,0.0,0.0,0.0,0.0,100.0,0.0,,1.0,0.0,0.0,0.0,0.0,0.0,True
2025-01-16 16:13:00+00:00,-130.9375,1.0,,,,,,,,,,,,,,,,,,,,,,,,True
2025-01-16 16:14:00+00:00,-130.865,1.0,2.0,1.0,1.0,132627.0,132526.0,101.0,0.0,0.0926388888888889,0.0023835942891649,,0.0,0.0,0.0,0.0,100.0,0.0,,1.0,0.0,0.0,0.0,0.0,0.0,True
2025-01-16 16:15:00+00:00,-130.8,1.0,2.0,1.0,1.0,132627.0,132526.0,101.0,0.0,0.0926388888888889,0.0023835942891649,,0.0,0.0,0.0,0.0,100.0,0.0,,1.0,0.0,0.0,0.0,0.0,0.0,True
2025-01-16 16:16:00+00:00,-130.91,1.0,2.0,1.0,1.0,132627.0,132526.0,101.0,0.0,0.0926388888888889,0.0023835942891649,,0.0,0.0,0.0,0.0,100.0,0.0,,1.0,0.0,0.0,0.0,0.0,0.0,True
2025-01-16 16:17:00+00:00,-131.01,1.0,2.0,1.0,1.0,132627.0,132526.0,101.0,0.0,0.0926388888888889,0.0023835942891649,,0.0,0.0,0.0,0.0,100.0,0.0,,1.0,0.0,0.0,0.0,0.0,0.0,True
2025-01-16 16:18:00+00:00,-130.945,1.0,2.0,1.0,1.0,132627.0,132526.0,101.0,0.0,0.0926388888888889,0.0023835942891649,,0.0,0.0,0.0,0.0,100.0,0.0,,1.0,0.0,0.0,0.0,0.0,0.0,True
2025-01-16 16:19:00+00:00,-130.79000000000002,1.0,2.0,1.0,1.0,132627.0,132526.0,101.0,0.0,0.0926388888888889,0.0023835942891649,,0.0,0.0,0.0,0.0,100.0,0.0,,1.0,0.0,0.0,0.0,0.0,0.0,True
2025-01-16 16:20:00+00:00,-130.65,1.0,2.0,1.0,1.0,132627.0,132526.0,101.0,0.0,0.0926388888888889,0.0023835942891649,,0.0,0.0,0.0,0.0,100.0,0.0,,1.0,0.0,0.0,0.0,0.0,0.0,True
2025-01-16 16:21:00+00:00,-130.49666666666667,1.0,2.0,1.0,1.0,132627.0,132526.0,101.0,0.0,0.0926388888888889,0.0023835942891649,,0.0,0.0,0.0,0.0,100.0,0.0,,1.0,0.0,0.0,0.0,0.0,0.0,True
2025-01-16 16:22:00+00:00,-130.34,1.0,2.0,1.0,1.0,132627.0,132526.0,101.0,0.0,0.0926388888888889,0.0023835942891649,,0.0,0.0,0.0,0.0,100.0,0.0,,1.0,0.0,0.0,0.0,0.0,0.0,True
2025-01-16 16:23:00+00:00,-130.23666666666668,1.0,2.0,1.0,1.0,132627.0,132526.0,101.0,0.0,0.0926388888888889,0.0023835942891649,,0.0,0.0,0.0,0.0,100.0,0.0,,1.0,0.0,0.0,0.0,0.0,0.0,True
2025-01-16 16:24:00+00:00,-130.11,1.0,2.0,1.0,1.0,132627.0,132526.0,101.0,0.0,0.0926388888888889,0.0023835942891649,,0.0,0.0,0.0,0.0,100.0,0.0,,1.0,0.0,0.0,0.0,0.0,0.0,True
2025-01-16 16:25:00+00:00,-130.08,1.0,2.0,1.0,1.0,132627.0,132526.0,101.0,0.0,0.0926388888888889,0.0023835942891649,,0.0,0.0,0.0,0.0,100.0,0.0,,1.0,0.0,0.0,0.0,0.0,0.0,True
2025-02-28 19:44:00+00:00,-122.6,1.0,2.0,1.0,1.0,132627.0,132526.0,101.0,0.0,0.0926388888888889,0.0023835942891649,,0.0,0.0,0.0,0.0,100.0,0.0,,1.0,0.0,0.0,0.0,0.0,0.0,True
2025-02-28 19:45:00+00:00,-122.56666666666666,1.0,,,,,,,,,,,,,,,,,,,,,,,,True
2025-02-28 19:46:00+00:00,-122.53333333333333,1.0,,,,,,,,,,,,,,,,,,,,,,,,True
2025-02-28 19:47:00+00:00,-122.5,1.0,2.0,1.0,1.0,132627.0,132526.0,101.0,0.0,0.0926388888888889,0.0023835942891649,,0.0,0.0,0.0,0.0,100.0,0.0,,1.0,0.0,0.0,0.0,0.0,0.0,True
2025-02-28 19:48:00+00:00,-122.45,1.0,,,,,,,,,,,,,,,,,,,,,,,,True
2025-02-28 19:49:00+00:00,-122.4,1.0,2.0,1.0,1.0,132627.0,132526.0,101.0,0.0,0.0926388888888889,0.0023835942891649,,0.0,0.0,0.0,0.0,100.0,0.0,,1.0,0.0,0.0,0.0,0.0,0.0,True
2025-02-28 19:50:00+00:00,-122.36666666666667,1.0,,,,,,,,,,,,,,,,,,,,,,,,True
2025-02-28 19:51:00+00:00,-122.33333333333333,1.0,2.0,1.0,1.0,132627.0,132526.0,101.0,0.0,0.0926388888888889,0.0023835942891649,,0.0,0.0,0.0,0.0,100.0,0.0,,1.0,0.0,0.0,0.0,0.0,0.0,True
2025-03-01 02:28:00+00:00,-130.0,1.0,2.0,1.0,1.0,132627.0,132526.0,101.0,0.0,0.0926388888888889,0.0023835942891649,,0.0,0.0,0.0,0.0,100.0,0.0,,1.0,0.0,0.0,0.0,0.0,0.0,True
2025-03-01 02:29:00+00:00,-130.25,1.0,2.0,1.0,1.0,132627.0,132526.0,101.0,0.0,0.0926388888888889,0.0023835942891649,,0.0,0.0,0.0,0.0,100.0,0.0,,1.0,0.0,0.0,0.0,0.0,0.0,True
2025-03-01 02:30:00+00:00,-130.7,1.0,2.0,1.0,1.0,132627.0,132526.0,101.0,0.0,0.0926388888888889,0.0023835942891649,,0.0,0.0,0.0,0.0,100.0,0.0,,1.0,0.0,0.0,0.0,0.0,0.0,True
2025-03-01 02:31:00+00:00,-130.85000000000002,1.0,2.0,1.0,1.0,132627.0,132526.0,101.0,0.0,0.0926388888888889,0.0023835942891649,,0.0,0.0,0.0,0.0,100.0,0.0,,1.0,0.0,0.0,0.0,0.0,0.0,True
2025-03-01 02:32:00+00:00,-131.0,1.0,2.0,1.0,1.0,132627.0,132526.0,101.0,0.0,0.0926388888888889,0.0023835942891649,,0.0,0.0,0.0,0.0,100.0,0.0,,1.0,0.0,0.0,0.0,0.0,0.0,True
2025-03-01 02:33:00+00:00,-131.14999999999998,1.0,2.0,1.0,1.0,132627.0,132526.0,101.0,0.0,0.0926388888888889,0.0023835942891649,,0.0,0.0,0.0,0.0,100.0,0.0,,1.0,0.0,0.0,0.0,0.0,0.0,True
2025-03-01 02:34:00+00:00,-131.35000000000002,1.0,2.0,1.0,1.0,132627.0,132526.0,101.0,0.0,0.0926388888888889,0.0023835942891649,,0.0,0.0,0.0,0.0,100.0,0.0,,1.0,0.0,0.0,0.0,0.0,0.0,True
2025-03-01 02:35:00+00:00,-131.6,1.0,2.0,1.0,1.0,132627.0,132526.0,101.0,0.0,0.0926388888888889,0.0023835942891649,,0.0,0.0,0.0,0.0,100.0,0.0,,1.0,0.0,0.0,0.0,0.0,0.0,True
2025-03-01 02:36:00+00:00,-132.28333333333333,1.0,2.0,1.0,1.0,132627.0,132526.0,101.0,0.0,0.0926388888888889,0.0023835942891649,,0.0,0.0,0.0,0.0,100.0,0.0,,1.0,0.0,0.0,0.0,0.0,0.0,True
2025-03-01 02:41:00+00:00,-132.45,1.0,2.0,1.0,1.0,132627.0,132526.0,101.0,0.0,0.0926388888888889,0.0023835942891649,,0.0,0.0,0.0,0.0,100.0,0.0,,1.0,0.0,0.0,0.0,0.0,0.0,True
2025-03-01 02:42:00+00:00,-132.3,1.0,2.0,1.0,1.0,132627.0,132526.0,101.0,0.0,0.0926388888888889,0.0023835942891649,,0.0,0.0,0.0,0.0,100.0,0.0,,1.0,0.0,0.0,0.0,0.0,0.0,True
2025-03-01 02:43:00+00:00,-132.14999999999998,1.0,2.0,1.0,1.0,132627.0,132526.0,101.0,0.0,0.0926388888888889,0.0023835942891649,,0.0,0.0,0.0,0.0,100.0,0.0,,1.0,0.0,0.0,0.0,0.0,0.0,True
2025-03-01 02:44:00+00:00,-132.0,1.0,2.0,1.0,1.0,132627.0,132526.0,101.0,0.0,0.0926388888888889,0.0023835942891649,,0.0,0.0,0.0,0.0,100.0,0.0,,1.0,0.0,0.0,0.0,0.0,0.0,True
2025-03-01 02:45:00+00:00,-131.9,1.0,2.0,1.0,1.0,132627.0,132526.0,101.0,0.0,0.0926388888888889,0.0023835942891649,,0.0,0.0,0.0,0.0,100.0,0.0,,1.0,0.0,0.0,0.0,0.0,0.0,True
2025-03-01 02:46:00+00:00,-131.8,1.0,2.0,1.0,1.0,132627.0,132526.0,101.0,0.0,0.0926388888888889,0.0023835942891649,,0.0,0.0,0.0,0.0,100.0,0.0,,1.0,0.0,0.0,0.0,0.0,0.0,True
2025-03-01 02:47:00+00:00,-131.725,1.0,,,,,,,,,,,,,,,,,,,,,,,,True
2025-03-01 02:48:00+00:00,-131.64999999999998,1.0,2.0,1.0,1.0,132627.0,132526.0,101.0,0.0,0.0926388888888889,0.0023835942891649,,0.0,0.0,0.0,0.0,100.0,0.0,,1.0,0.0,0.0,0.0,0.0,0.0,True
2025-03-01 02:49:00+00:00,-131.575,1.0,,,,,,,,,,,,,,,,,,,,,,,,True
2025-03-01 02:50:00+00:00,-131.5,1.0,2.0,1.0,1.0,132627.0,132526.0,101.0,0.0,0.0926388888888889,0.0023835942891649,,0.0,0.0,0.0,0.0,100.0,0.0,,1.0,0.0,0.0,0.0,0.0,0.0,True
2025-03-01 02:51:00+00:00,-131.4,1.0,2.0,1.0,1.0,132627.0,132526.0,101.0,0.0,0.0926388888888889,0.0023835942891649,,0.0,0.0,0.0,0.0,100.0,0.0,,1.0,0.0,0.0,0.0,0.0,0.0,True
2025-03-01 02:52:00+00:00,-131.35000000000002,1.0,,,,,,,,,,,,,,,,,,,,,,,,True
2025-03-01 02:53:00+00:00,-131.3,1.0,2.0,1.0,1.0,132627.0,132526.0,101.0,0.0,0.0926388888888889,0.0023835942891649,,0.0,0.0,0.0,0.0,100.0,0.0,,1.0,0.0,0.0,0.0,0.0,0.0,True
2025-03-01 02:54:00+00:00,-131.2,1.0,2.0,1.0,1.0,132627.0,132526.0,101.0,0.0,0.0926388888888889,0.0023835942891649,,0.0,0.0,0.0,0.0,100.0,0.0,,1.0,0.0,0.0,0.0,0.0,0.0,True
2025-03-01 02:55:00+00:00,-131.14999999999998,1.0,,,,,,,,,,,,,,,,,,,,,,,,True
2025-03-01 02:56:00+00:00,-131.1,1.0,2.0,1.0,1.0,132627.0,132526.0,101.0,0.0,0.0926388888888889,0.0023835942891649,,0.0,0.0,0.0,0.0,100.0,0.0,,1.0,0.0,0.0,0.0,0.0,0.0,True
2025-03-01 02:57:00+00:00,-131.0,1.0,2.0,1.0,1.0,132627.0,132526.0,101.0,0.0,0.0926388888888889,0.0023835942891649,,0.0,0.0,0.0,0.0,100.0,0.0,,1.0,0.0,0.0,0.0,0.0,0.0,True
2025-03-01 02:58:00+00:00,-130.95,1.0,2.0,1.0,1.0,132627.0,132526.0,101.0,0.0,0.0926388888888889,0.0023835942891649,,0.0,0.0,0.0,0.0,100.0,0.0,,1.0,0.0,0.0,0.0,0.0,0.0,True
2025-03-01 02:59:00+00:00,-131.20000000000002,1.0,2.0,1.0,1.0,132627.0,132526.0,101.0,0.0,0.0926388888888889,0.0023835942891649,,0.0,0.0,0.0,0.0,100.0,0.0,,1.0,0.0,0.0,0.0,0.0,0.0,True
2025-03-01 03:00:00+00:00,-131.45,1.0,2.0,1.0,1.0,132627.0,132526.0,101.0,0.0,0.0926388888888889,0.0023835942891649,,0.0,0.0,0.0,0.0,100.0,0.0,,1.0,0.0,0.0,0.0,0.0,0.0,True
2025-03-01 03:01:00+00:00,-131.25,1.0,2.0,1.0,1.0,132627.0,132526.0,101.0,0.0,0.0926388888888889,0.0023835942891649,,0.0,0.0,0.0,0.0,100.0,0.0,,1.0,0.0,0.0,0.0,0.0,0.0,True
2025-03-01 03:02:00+00:00,-130.95,1.0,2.0,1.0,1.0,132627.0,132526.0,101.0,0.0,0.0926388888888889,0.0023835942891649,,0.0,0.0,0.0,0.0,100.0,0.0,,1.0,0.0,0.0,0.0,0.0,0.0,True
2025-03-01 03:03:00+00:00,-130.73333333333332,1.0,2.0,1.0,1.0,132627.0,132526.0,101.0,0.0,0.0926388888888889,0.0023835942891649,,0.0,0.0,0.0,0.0,100.0,0.0,,1.0,0.0,0.0,0.0,0.0,0.0,True
2025-03-01 03:04:00+00:00,-130.6,1.0,2.0,1.0,1.0,132627.0,132526.0,101.0,0.0,0.0926388888888889,0.0023835942891649,,0.0,0.0,0.0,0.0,100.0,0.0,,1.0,0.0,0.0,0.0,0.0,0.0,True
2025-03-01 03:05:00+00:00,-130.5,1.0,2.0,1.0,1.0,132627.0,132526.0,101.0,0.0,0.0926388888888889,0.0023835942891649,,0.0,0.0,0.0,0.0,100.0,0.0,,1.0,0.0,0.0,0.0,0.0,0.0,True
2025-03-01 03:06:00+00:00,-130.4,1.0,2.0,1.0,1.0,132627.0,132526.0,101.0,0.0,0.0926388888888889,0.0023835942891649,,0.0,0.0,0.0,0.0,100.0,0.0,,1.0,0.0,0.0,0.0,0.0,0.0,True
2025-03-01 03:07:00+00:00,-130.3,1.0,2.0,1.0,1.0,132627.0,132526.0,101.0,0.0,0.0926388888888889,0.0023835942891649,,0.0,0.0,0.0,0.0,100.0,0.0,,1.0,0.0,0.0,0.0,0.0,0.0,True
2025-03-01 03:08:00+00:00,-130.25,1.0,,,,,,,,,,,,,,,,,,,,,,,,True
2025-03-01 03:09:00+00:00,-130.2,1.0,2.0,1.0,1.0,132627.0,132526.0,101.0,0.0,0.0926388888888889,0.0023835942891649,,0.0,0.0,0.0,0.0,100.0,0.0,,1.0,0.0,0.0,0.0,0.0,0.0,True
2025-03-01 03:10:00+00:00,-130.1,1.0,2.0,1.0,1.0,132627.0,132526.0,101.0,0.0,0.0926388888888889,0.0023835942891649,,0.0,0.0,0.0,0.0,100.0,0.0,,1.0,0.0,0.0,0.0,0.0,0.0,True
2025-03-01 03:11:00+00:00,-130.0,1.0,2.0,1.0,1.0,132627.0,132526.0,101.0,0.0,0.0926388888888889,0.0023835942891649,,0.0,0.0,0.0,0.0,100.0,0.0,,1.0,0.0,0.0,0.0,0.0,0.0,True
2025-03-01 23:08:00+00:00,-130.05,1.0,2.0,1.0,1.0,132627.0,132526.0,101.0,0.0,0.0926388888888889,0.0023835942891649,,0.0,0.0,0.0,0.0,100.0,0.0,,1.0,0.0,0.0,0.0,0.0,0.0,True
2025-03-01 23:09:00+00:00,-130.29999999999998,1.0,2.0,1.0,1.0,132627.0,132526.0,101.0,0.0,0.0926388888888889,0.0023835942891649,,0.0,0.0,0.0,0.0,100.0,0.0,,1.0,0.0,0.0,0.0,0.0,0.0,True
2025-03-01 23:10:00+00:00,-130.55,1.0,2.0,1.0,1.0,132627.0,132526.0,101.0,0.0,0.0926388888888889,0.0023835942891649,,0.0,0.0,0.0,0.0,100.0,0.0,,1.0,0.0,0.0,0.0,0.0,0.0,True
2025-03-01 23:11:00+00:00,-130.8,1.0,2.0,1.0,1.0,132627.0,132526.0,101.0,0.0,0.0926388888888889,0.0023835942891649,,0.0,0.0,0.0,0.0,100.0,0.0,,1.0,0.0,0.0,0.0,0.0,0.0,True
2025-03-01 23:12:00+00:00,-130.75,1.0,2.0,1.0,1.0,132627.0,132526.0,101.0,0.0,0.0926388888888889,0.0023835942891649,,0.0,0.0,0.0,0.0,100.0,0.0,,1.0,0.0,0.0,0.0,0.0,0.0,True
2025-03-01 23:13:00+00:00,-130.85000000000002,1.0,2.0,1.0,1.0,132627.0,132526.0,101.0,0.0,0.0926388888888889,0.0023835942891649,,0.0,0.0,0.0,0.0,100.0,0.0,,1.0,0.0,0.0,0.0,0.0,0.0,True
2025-03-01 23:14:00+00:00,-130.95,1.0,2.0,1.0,1.0,132627.0,132526.0,101.0,0.0,0.0926388888888889,0.0023835942891649,,0.0,0.0,0.0,0.0,100.0,0.0,,1.0,0.0,0.0,0.0,0.0,0.0,True
2025-03-01 23:15:00+00:00,-130.9,1.0,2.0,1.0,1.0,132627.0,132526.0,101.0,0.0,0.0926388888888889,0.0023835942891649,,0.0,0.0,0.0,0.0,100.0,0.0,,1.0,0.0,0.0,0.0,0.0,0.0,True
2025-03-01 23:16:00+00:00,-131.14999999999998,1.0,2.0,1.0,1.0,132627.0,132526.0,101.0,0.0,0.0926388888888889,0.0023835942891649,,0.0,0.0,0.0,0.0,100.0,0.0,,1.0,0.0,0.0,0.0,0.0,0.0,True
2025-03-01 23:17:00+00:00,-131.4,1.0,2.0,1.0,1.0,132627.0,132526.0,101.0,0.0,0.0926388888888889,0.0023835942891649,,0.0,0.0,0.0,0.0,100.0,0.0,,1.0,0.0,0.0,0.0,0.0,0.0,True
2025-03-01 23:18:00+00:00,-131.56666666666666,1.0,2.0,1.0,1.0,132627.0,132526.0,101.0,0.0,0.0926388888888889,0.0023835942891649,,0.0,0.0,0.0,0.0,100.0,0.0,,1.0,0.0,0.0,0.0,0.0,0.0,True
2025-03-01 23:19:00+00:00,-131.5,1.0,2.0,1.0,1.0,132627.0,132526.0,101.0,0.0,0.0926388888888889,0.0023835942891649,,0.0,0.0,0.0,0.0,100.0,0.0,,1.0,0.0,0.0,0.0,0.0,0.0,True
2025-03-01 23:20:00+00:00,-131.64999999999998,1.0,2.0,1.0,1.0,132627.0,132526.0,101.0,0.0,0.0926388888888889,0.0023835942891649,,0.0,0.0,0.0,0.0,100.0,0.0,,1.0,0.0,0.0,0.0,0.0,0.0,True
2025-03-01 23:21:00+00:00,-131.575,1.0,,,,,,,,,,,,,,,,,,,,,,,,True
2025-03-01 23:22:00+00:00,-131.5,1.0,2.0,1.0,1.0,132627.0,132526.0,101.0,0.0,0.0926388888888889,0.0023835942891649,,0.0,0.0,0.0,0.0,100.0,0.0,,1.0,0.0,0.0,0.0,0.0,0.0,True
2025-03-01 23:23:00+00:00,-131.55,1.0,2.0,1.0,1.0,132627.0,132526.0,101.0,0.0,0.0926388888888889,0.0023835942891649,,0.0,0.0,0.0,0.0,100.0,0.0,,1.0,0.0,0.0,0.0,0.0,0.0,True
2025-03-01 23:24:00+00:00,-131.7,1.0,2.0,1.0,1.0,132627.0,132526.0,101.0,0.0,0.0926388888888889,0.0023835942891649,,0.0,0.0,0.0,0.0,100.0,0.0,,1.0,0.0,0.0,0.0,0.0,0.0,True
2025-03-01 23:25:00+00:00,-131.85000000000002,1.0,2.0,1.0,1.0,132627.0,132526.0,101.0,0.0,0.0926388888888889,0.0023835942891649,,0.0,0.0,0.0,0.0,100.0,0.0,,1.0,0.0,0.0,0.0,0.0,0.0,True
2025-03-01 23:26:00+00:00,-132.125,1.0,2.0,1.0,1.0,132627.0,132526.0,101.0,0.0,0.0926388888888889,0.0023835942891649,,0.0,0.0,0.0,0.0,100.0,0.0,,1.0,0.0,0.0,0.0,0.0,0.0,True
2025-03-01 23:27:00+00:00,-132.36666666666667,1.0,2.0,1.0,1.0,132627.0,132526.0,101.0,0.0,0.0926388888888889,0.0023835942891649,,0.0,0.0,0.0,0.0,100.0,0.0,,1.0,0.0,0.0,0.0,0.0,0.0,True
2025-03-01 23:28:00+00:00,-132.53333333333333,1.0,2.0,1.0,1.0,132627.0,132526.0,101.0,0.0,0.0926388888888889,0.0023835942891649,,0.0,0.0,0.0,0.0,100.0,0.0,,1.0,0.0,0.0,0.0,0.0,0.0,True
2025-03-01 23:29:00+00:00,-132.5,1.0,2.0,1.0,1.0,132627.0,132526.0,101.0,0.0,0.0926388888888889,0.0023835942891649,,0.0,0.0,0.0,0.0,100.0,0.0,,1.0,0.0,0.0,0.0,0.0,0.0,True
2025-03-01 23:30:00+00:00,-132.46666666666667,1.0,2.0,1.0,1.0,132627.0,132526.0,101.0,0.0,0.0926388888888889,0.0023835942891649,,0.0,0.0,0.0,0.0,100.0,0.0,,1.0,0.0,0.0,0.0,0.0,0.0,True
2025-03-01 23:31:00+00:00,-132.64999999999998,1.0,2.0,1.0,1.0,132627.0,132526.0,101.0,0.0,0.0926388888888889,0.0023835942891649,,0.0,0.0,0.0,0.0,100.0,0.0,,1.0,0.0,0.0,0.0,0.0,0.0,True
2025-03-12 10:34:00+00:00,-113.01333333333334,1.0,2.0,1.0,1.0,132627.0,132526.0,101.0,0.0,0.0926388888888889,0.0023835942891649,,0.0,0.0,0.0,0.0,100.0,0.0,,1.0,0.0,0.0,0.0,0.0,0.0,True
2025-03-12 10:35:00+00:00,-108.91333333333334,1.0,2.0,1.0,1.0,132627.0,132526.0,101.0,0.0,0.0926388888888889,0.0023835942891649,,0.0,0.0,0.0,0.0,100.0,0.0,,1.0,0.0,0.0,0.0,0.0,0.0,True
2025-03-12 10:38:00+00:00,-127.99333333333334,1.0,2.0,1.0,1.0,132627.0,132526.0,101.0,0.0,0.0926388888888889,0.0023835942891649,,0.0,0.0,0.0,0.0,100.0,0.0,,1.0,0.0,0.0,0.0,0.0,0.0,True
2025-03-12 10:39:00+00:00,-123.272,1.0,2.0,1.0,1.0,132627.0,132526.0,101.0,0.0,0.0926388888888889,0.0023835942891649,,0.0,0.0,0.0,0.0,100.0,0.0,,1.0,0.0,0.0,0.0,0.0,0.0,True
2025-03-12 10:40:00+00:00,-125.9325,1.0,2.0,1.0,1.0,132627.0,132526.0,101.0,0.0,0.0926388888888889,0.0023835942891649,,0.0,0.0,0.0,0.0,100.0,0.0,,1.0,0.0,0.0,0.0,0.0,0.0,True
2025-03-22 18:04:00+00:00,-132.40166666666667,1.0,2.0,1.0,1.0,132627.0,132526.0,101.0,0.0,0.0926388888888889,0.0023835942891649,,0.0,0.0,0.0,0.0,100.0,0.0,,1.0,0.0,0.0,0.0,0.0,0.0,True
2025-03-22 18:05:00+00:00,-132.385,1.0,2.0,1.0,1.0,132627.0,132526.0,101.0,0.0,0.0926388888888889,0.0023835942891649,,0.0,0.0,0.0,0.0,100.0,0.0,,1.0,0.0,0.0,0.0,0.0,0.0,True
2025-03-22 18:06:00+00:00,-132.59,1.0,2.0,1.0,1.0,132627.0,132526.0,101.0,0.0,0.0926388888888889,0.0023835942891649,,0.0,0.0,0.0,0.0,100.0,0.0,,1.0,0.0,0.0,0.0,0.0,0.0,True
2025-03-22 18:08:00+00:00,-132.53666666666666,1.0,2.0,1.0,1.0,132627.0,132526.0,101.0,0.0,0.0926388888888889,0.0023835942891649,,0.0,0.0,0.0,0.0,100.0,0.0,,1.0,0.0,0.0,0.0,0.0,0.0,True
2025-03-22 18:09:00+00:00,-132.202,1.0,2.0,1.0,1.0,132627.0,132526.0,101.0,0.0,0.0926388888888889,0.0023835942891649,,0.0,0.0,0.0,0.0,100.0,0.0,,1.0,0.0,0.0,0.0,0.0,0.0,True
2025-03-22 18:10:00+00:00,-131.93,1.0,2.0,1.0,1.0,132627.0,132526.0,101.0,0.0,0.0926388888888889,0.0023835942891649,,0.0,0.0,0.0,0.0,100.0,0.0,,1.0,0.0,0.0,0.0,0.0,0.0,True
2025-03-22 18:11:00+00:00,-132.07000000000002,1.0,2.0,1.0,1.0,132627.0,132526.0,101.0,0.0,0.0926388888888889,0.0023835942891649,,0.0,0.0,0.0,0.0,100.0,0.0,,1.0,0.0,0.0,0.0,0.0,0.0,True
2025-03-22 18:12:00+00:00,-132.04,1.0,2.0,1.0,1.0,132627.0,132526.0,101.0,0.0,0.0926388888888889,0.0023835942891649,,0.0,0.0,0.0,0.0,100.0,0.0,,1.0,0.0,0.0,0.0,0.0,0.0,True
2025-03-22 18:13:00+00:00,-132.17333333333332,1.0,2.0,1.0,1.0,132627.0,132526.0,101.0,0.0,0.0926388888888889,0.0023835942891649,,0.0,0.0,0.0,0.0,100.0,0.0,,1.0,0.0,0.0,0.0,0.0,0.0,True
2025-03-22 18:14:00+00:00,-131.888,1.0,2.0,1.0,1.0,132627.0,132526.0,101.0,0.0,0.0926388888888889,0.0023835942891649,,0.0,0.0,0.0,0.0,100.0,0.0,,1.0,0.0,0.0,0.0,0.0,0.0,True
2025-03-22 18:15:00+00:00,-131.59,1.0,2.0,1.0,1.0,132627.0,132526.0,101.0,0.0,0.0926388888888889,0.0023835942891649,,0.0,0.0,0.0,0.0,100.0,0.0,,1.0,0.0,0.0,0.0,0.0,0.0,True
2025-03-22 18:16:00+00:00,-131.635,1.0,2.0,1.0,1.0,132627.0,132526.0,101.0,0.0,0.0926388888888889,0.0023835942891649,,0.0,0.0,0.0,0.0,100.0,0.0,,1.0,0.0,0.0,0.0,0.0,0.0,True
2025-03-22 18:17:00+00:00,-131.71,1.0,2.0,1.0,1.0,132627.0,132526.0,101.0,0.0,0.0926388888888889,0.0023835942891649,,0.0,0.0,0.0,0.0,100.0,0.0,,1.0,0.0,0.0,0.0,0.0,0.0,True
2025-03-22 18:18:00+00:00,-131.52333333333334,1.0,2.0,1.0,1.0,132627.0,132526.0,101.0,0.0,0.0926388888888889,0.0023835942891649,,0.0,0.0,0.0,0.0,100.0,0.0,,1.0,0.0,0.0,0.0,0.0,0.0,True
2025-03-22 18:19:00+00:00,-131.515,1.0,2.0,1.0,1.0,132627.0,132526.0,101.0,0.0,0.0926388888888889,0.0023835942891649,,0.0,0.0,0.0,0.0,100.0,0.0,,1.0,0.0,0.0,0.0,0.0,0.0,True
2025-03-22 18:20:00+00:00,-131.68,1.0,2.0,1.0,1.0,132627.0,132526.0,101.0,0.0,0.0926388888888889,0.0023835942891649,,0.0,0.0,0.0,0.0,100.0,0.0,,1.0,0.0,0.0,0.0,0.0,0.0,True
2025-03-22 18:21:00+00:00,-131.84,1.0,2.0,1.0,1.0,132627.0,132526.0,101.0,0.0,0.0926388888888889,0.0023835942891649,,0.0,0.0,0.0,0.0,100.0,0.0,,1.0,0.0,0.0,0.0,0.0,0.0,True
2025-03-22 18:22:00+00:00,-131.56,1.0,2.0,1.0,1.0,132627.0,132526.0,101.0,0.0,0.0926388888888889,0.0023835942891649,,0.0,0.0,0.0,0.0,100.0,0.0,,1.0,0.0,0.0,0.0,0.0,0.0,True
2025-03-22 18:23:00+00:00,-131.46,1.0,2.0,1.0,1.0,132627.0,132526.0,101.0,0.0,0.0926388888888889,0.0023835942891649,,0.0,0.0,0.0,0.0,100.0,0.0,,1.0,0.0,0.0,0.0,0.0,0.0,True
2025-03-22 18:24:00+00:00,-131.44,1.0,2.0,1.0,1.0,132627.0,132526.0,101.0,0.0,0.0926388888888889,0.0023835942891649,,0.0,0.0,0.0,0.0,100.0,0.0,,1.0,0.0,0.0,0.0,0.0,0.0,True
2025-03-22 18:25:00+00:00,-131.20000000000002,1.0,2.0,1.0,1.0,132627.0,132526.0,101.0,0.0,0.0926388888888889,0.0023835942891649,,0.0,0.0,0.0,0.0,100.0,0.0,,1.0,0.0,0.0,0.0,0.0,0.0,True
2025-03-22 18:26:00+00:00,-131.2,1.0,2.0,1.0,1.0,132627.0,132526.0,101.0,0.0,0.0926388888888889,0.0023835942891649,,0.0,0.0,0.0,0.0,100.0,0.0,,1.0,0.0,0.0,0.0,0.0,0.0,True
2025-03-22 18:27:00+00:00,-131.03666666666666,1.0,2.0,1.0,1.0,132627.0,132526.0,101.0,0.0,0.0926388888888889,0.0023835942891649,,0.0,0.0,0.0,0.0,100.0,0.0,,1.0,0.0,0.0,0.0,0.0,0.0,True
2025-03-22 18:28:00+00:00,-130.98,1.0,2.0,1.0,1.0,132627.0,132526.0,101.0,0.0,0.0926388888888889,0.0023835942891649,,0.0,0.0,0.0,0.0,100.0,0.0,,1.0,0.0,0.0,0.0,0.0,0.0,True
2025-03-22 18:29:00+00:00,-130.985,1.0,2.0,1.0,1.0,132627.0,132526.0,101.0,0.0,0.0926388888888889,0.0023835942891649,,0.0,0.0,0.0,0.0,100.0,0.0,,1.0,0.0,0.0,0.0,0.0,0.0,True
2025-03-22 18:30:00+00:00,-131.07,1.0,2.0,1.0,1.0,132627.0,132526.0,101.0,0.0,0.0926388888888889,0.0023835942891649,,0.0,0.0,0.0,0.0,100.0,0.0,,1.0,0.0,0.0,0.0,0.0,0.0,True
2025-03-22 18:31:00+00:00,-131.24,1.0,2.0,1.0,1.0,132627.0,132526.0,101.0,0.0,0.0926388888888889,0.0023835942891649,,0.0,0.0,0.0,0.0,100.0,0.0,,1.0,0.0,0.0,0.0,0.0,0.0,True
2025-03-22 18:32:00+00:00,-131.15,1.0,2.0,1.0,1.0,132627.0,132526.0,101.0,0.0,0.0926388888888889,0.0023835942891649,,0.0,0.0,0.0,0.0,100.0,0.0,,1.0,0.0,0.0,0.0,0.0,0.0,True
2025-03-22 18:33:00+00:00,-131.03,1.0,2.0,1.0,1.0,132627.0,132526.0,101.0,0.0,0.0926388888888889,0.0023835942891649,,0.0,0.0,0.0,0.0,100.0,0.0,,1.0,0.0,0.0,0.0,0.0,0.0,True
2025-03-22 18:34:00+00:00,-131.04,1.0,2.0,1.0,1.0,132627.0,132526.0,101.0,0.0,0.0926388888888889,0.0023835942891649,,0.0,0.0,0.0,0.0,100.0,0.0,,1.0,0.0,0.0,0.0,0.0,0.0,True
2025-03-22 18:35:00+00:00,-131.02,1.0,2.0,1.0,1.0,132627.0,132526.0,101.0,0.0,0.0926388888888889,0.0023835942891649,,0.0,0.0,0.0,0.0,100.0,0.0,,1.0,0.0,0.0,0.0,0.0,0.0,True
2025-03-22 18:36:00+00:00,-130.895,1.0,2.0,1.0,1.0,132627.0,132526.0,101.0,0.0,0.0926388888888889,0.0023835942891649,,0.0,0.0,0.0,0.0,100.0,0.0,,1.0,0.0,0.0,0.0,0.0,0.0,True
2025-03-22 18:37:00+00:00,-130.85,1.0,2.0,1.0,1.0,132627.0,132526.0,101.0,0.0,0.0926388888888889,0.0023835942891649,,0.0,0.0,0.0,0.0,100.0,0.0,,1.0,0.0,0.0,0.0,0.0,0.0,True
2025-03-22 18:38:00+00:00,-130.92000000000002,1.0,2.0,1.0,1.0,132627.0,132526.0,101.0,0.0,0.0926388888888889,0.0023835942891649,,0.0,0.0,0.0,0.0,100.0,0.0,,1.0,0.0,0.0,0.0,0.0,0.0,True
2025-03-22 18:39:00+00:00,-130.66666666666666,1.0,2.0,1.0,1.0,132627.0,132526.0,101.0,0.0,0.0926388888888889,0.0023835942891649,,0.0,0.0,0.0,0.0,100.0,0.0,,1.0,0.0,0.0,0.0,0.0,0.0,True
2025-03-22 18:40:00+00:00,-130.36333333333334,1.0,2.0,1.0,1.0,132627.0,132526.0,101.0,0.0,0.0926388888888889,0.0023835942891649,,0.0,0.0,0.0,0.0,100.0,0.0,,1.0,0.0,0.0,0.0,0.0,0.0,True
2025-03-22 18:41:00+00:00,-130.305,1.0,2.0,1.0,1.0,132627.0,132526.0,101.0,0.0,0.0926388888888889,0.0023835942891649,,0.0,0.0,0.0,0.0,100.0,0.0,,1.0,0.0,0.0,0.0,0.0,0.0,True
2025-03-22 18:42:00+00:00,-130.46,1.0,2.0,1.0,1.0,132627.0,132526.0,101.0,0.0,0.0926388888888889,0.0023835942891649,,0.0,0.0,0.0,0.0,100.0,0.0,,1.0,0.0,0.0,0.0,0.0,0.0,True
2025-03-22 18:43:00+00:00,-130.49,1.0,2.0,1.0,1.0,132627.0,132526.0,101.0,0.0,0.0926388888888889,0.0023835942891649,,0.0,0.0,0.0,0.0,100.0,0.0,,1.0,0.0,0.0,0.0,0.0,0.0,True
2025-03-22 18:44:00+00:00,-130.57,1.0,2.0,1.0,1.0,132627.0,132526.0,101.0,0.0,0.0926388888888889,0.0023835942891649,,0.0,0.0,0.0,0.0,100.0,0.0,,1.0,0.0,0.0,0.0,0.0,0.0,True
2025-03-22 18:45:00+00:00,-130.74333333333334,1.0,2.0,1.0,1.0,132627.0,132526.0,101.0,0.0,0.0926388888888889,0.0023835942891649,,0.0,0.0,0.0,0.0,100.0,0.0,,1.0,0.0,0.0,0.0,0.0,0.0,True
2025-03-22 18:46:00+00:00,-130.75166666666667,1.0,,,,,,,,,,,,,,,,,,,,,,,,True
2025-03-22 18:47:00+00:00,-130.76,1.0,2.0,1.0,1.0,132627.0,132526.0,101.0,0.0,0.0926388888888889,0.0023835942891649,,0.0,0.0,0.0,0.0,100.0,0.0,,1.0,0.0,0.0,0.0,0.0,0.0,True
2025-03-22 18:48:00+00:00,-130.36833333333334,1.0,2.0,1.0,1.0,132627.0,132526.0,101.0,0.0,0.0926388888888889,0.0023835942891649,,0.0,0.0,0.0,0.0,100.0,0.0,,1.0,0.0,0.0,0.0,0.0,0.0,True
2025-03-22 18:50:00+00:00,-130.105,1.0,2.0,1.0,1.0,132627.0,132526.0,101.0,0.0,0.0926388888888889,0.0023835942891649,,0.0,0.0,0.0,0.0,100.0,0.0,,1.0,0.0,0.0,0.0,0.0,0.0,True
2025-03-22 18:51:00+00:00,-130.13,1.0,2.0,1.0,1.0,132627.0,132526.0,101.0,0.0,0.0926388888888889,0.0023835942891649,,0.0,0.0,0.0,0.0,100.0,0.0,,1.0,0.0,0.0,0.0,0.0,0.0,True
2025-03-22 18:52:00+00:00,-130.18,1.0,,,,,,,,,,,,,,,,,,,,,,,,True
2025-03-22 18:53:00+00:00,-130.23,1.0,2.0,1.0,1.0,132627.0,132526.0,101.0,0.0,0.0926388888888889,0.0023835942891649,,0.0,0.0,0.0,0.0,100.0,0.0,,1.0,0.0,0.0,0.0,0.0,0.0,True
2025-03-22 18:54:00+00:00,-130.14333333333335,1.0,2.0,1.0,1.0,132627.0,132526.0,101.0,0.0,0.0926388888888889,0.0023835942891649,,0.0,0.0,0.0,0.0,100.0,0.0,,1.0,0.0,0.0,0.0,0.0,0.0,True
2025-03-22 18:56:00+00:00,-130.0,1.0,2.0,1.0,1.0,132627.0,132526.0,101.0,0.0,0.0926388888888889,0.0023835942891649,,0.0,0.0,0.0,0.0,100.0,0.0,,1.0,0.0,0.0,0.0,0.0,0.0,True
2025-03-22 18:57:00+00:00,-130.07,1.0,2.0,1.0,1.0,132627.0,132526.0,101.0,0.0,0.0926388888888889,0.0023835942891649,,0.0,0.0,0.0,0.0,100.0,0.0,,1.0,0.0,0.0,0.0,0.0,0.0,True
2025-03-22 18:58:00+00:00,-130.04,1.0,2.0,1.0,1.0,132627.0,132526.0,101.0,0.0,0.0926388888888889,0.0023835942891649,,0.0,0.0,0.0,0.0,100.0,0.0,,1.0,0.0,0.0,0.0,0.0,0.0,True
2025-08-19 13:28:00+00:00,-94.86973992146528,1.0,,,,,,,,,,,,,,,,,,,,,,,,True
2025-08-19 13:29:00+00:00,-94.86774859074978,1.0,,,,,,,,,,,,,,,,,,,,,,,,True
2025-08-19 13:30:00+00:00,-94.86575726003429,1.0,,,,,,,,,,,,,,,,,,,,,,,,True
2025-08-19 13:31:00+00:00,-94.86376592931879,1.0,,,,,,,,,,,,,,,,,,,,,,,,True
2025-08-19 13:32:00+00:00,-94.86177459860329,1.0,,,,,,,,,,,,,,,,,,,,,,,,True
2025-08-19 13:33:00+00:00,-94.85978326788774,1.0,,,,,,,,,,,,,,,,,,,,,,,,True
2025-08-19 13:34:00+00:00,-94.85779193717224,1.0,,,,,,,,,,,,,,,,,,,,,,,,True
2025-08-19 13:35:00+00:00,-94.85580060645674,1.0,,,,,,,,,,,,,,,,,,,,,,,,True
2025-08-19 13:36:00+00:00,-94.85380927574124,1.0,,,,,,,,,,,,,,,,,,,,,,,,True
2025-08-19 13:37:00+00:00,-94.85181794502569,1.0,,,,,,,,,,,,,,,,,,,,,,,,True
2025-08-19 13:38:00+00:00,-94.84982661431019,1.0,,,,,,,,,,,,,,,,,,,,,,,,True
2025-08-19 13:39:00+00:00,-94.84783528359469,1.0,,,,,,,,,,,,,,,,,,,,,,,,True
2025-08-19 13:40:00+00:00,-94.84584395287919,1.0,,,,,,,,,,,,,,,,,,,,,,,,True
2025-08-19 13:41:00+00:00,-94.84385262216364,1.0,,,,,,,,,,,,,,,,,,,,,,,,True
2025-08-19 13:42:00+00:00,-94.84186129144814,1.0,,,,,,,,,,,,,,,,,,,,,,,,True
2025-08-19 13:43:00+00:00,-94.83986996073264,1.0,,,,,,,,,,,,,,,,,,,,,,,,True
2025-08-19 13:44:00+00:00,-94.83787863001714,1.0,,,,,,,,,,,,,,,,,,,,,,,,True
2025-08-19 13:45:00+00:00,-94.83588729930165,1.0,,,,,,,,,,,,,,,,,,,,,,,,True
2025-08-19 13:46:00+00:00,-94.83389596858609,1.0,,,,,,,,,,,,,,,,,,,,,,,,True
2025-08-19 13:47:00+00:00,-94.8319046378706,1.0,,,,,,,,,,,,,,,,,,,,,,,,True
2025-08-19 13:48:00+00:00,-94.8299133071551,1.0,,,,,,,,,,,,,,,,,,,,,,,,True
2025-08-19 13:49:00+00:00,-94.8279219764396,1.0,,,,,,,,,,,,,,,,,,,,,,,,True
2025-08-19 13:50:00+00:00,-94.82593064572404,1.0,,,,,,,,,,,,,,,,,,,,,,,,True
2025-08-19 13:51:00+00:00,-94.82393931500854,1.0,,,,,,,,,,,,,,,,,,,,,,,,True
2025-08-19 13:52:00+00:00,-94.82194798429305,1.0,,,,,,,,,,,,,,,,,,,,,,,,True
2025-08-19 13:53:00+00:00,-94.81995665357755,1.0,,,,,,,,,,,,,,,,,,,,,,,,True
2025-08-19 13:54:00+00:00,-94.81796532286205,1.0,,,,,,,,,,,,,,,,,,,,,,,,True
2025-08-19 13:55:00+00:00,-94.8159739921465,1.0,,,,,,,,,,,,,,,,,,,,,,,,True
2025-08-19 13:56:00+00:00,-94.813982661431,1.0,,,,,,,,,,,,,,,,,,,,,,,,True
2025-08-19 13:57:00+00:00,-94.8119913307155,1.0,,,,,,,,,,,,,,,,,,,,,,,,True
2025-08-19 13:58:00+00:00,-94.81,1.0,2.0,1.0,1.0,132627.0,132526.0,101.0,0.0,0.0926388888888889,0.0023835942891649,,0.0,0.0,0.0,0.0,100.0,0.0,,1.0,0.0,0.0,0.0,0.0,0.0,True
2025-08-19 13:59:00+00:00,-95.012,1.0,2.0,1.0,1.0,132627.0,132526.0,101.0,0.0,0.0926388888888889,0.0023835942891649,,0.0,0.0,0.0,0.0,100.0,0.0,,1.0,0.0,0.0,0.0,0.0,0.0,True
2025-08-20 00:03:00+00:00,-132.59319275123556,1.0,,,,,,,,,,,,,,,,,,,,,,,,True
2025-08-20 00:04:00+00:00,-131.9838945634267,1.0,,,,,,,,,,,,,,,,,,,,,,,,True
2025-08-20 00:05:00+00:00,-131.37459637561778,1.0,,,,,,,,,,,,,,,,,,,,,,,,True
2025-08-20 00:06:00+00:00,-130.76529818780887,1.0,,,,,,,,,,,,,,,,,,,,,,,,True
2025-08-20 00:07:00+00:00,-130.156,1.0,2.0,1.0,1.0,132627.0,132526.0,101.0,0.0,0.0926388888888889,0.0023835942891649,,0.0,0.0,0.0,0.0,100.0,0.0,,1.0,0.0,0.0,0.0,0.0,0.0,True
2025-08-20 00:08:00+00:00,-130.525,1.0,2.0,1.0,1.0,132627.0,132526.0,101.0,0.0,0.0926388888888889,0.0023835942891649,,0.0,0.0,0.0,0.0,100.0,0.0,,1.0,0.0,0.0,0.0,0.0,0.0,True
2025-08-20 00:09:00+00:00,-130.8166666666667,1.0,2.0,1.0,1.0,132627.0,132526.0,101.0,0.0,0.0926388888888889,0.0023835942891649,,0.0,0.0,0.0,0.0,100.0,0.0,,1.0,0.0,0.0,0.0,0.0,0.0,True
2025-08-20 00:10:00+00:00,-131.01,1.0,2.0,1.0,1.0,132627.0,132526.0,101.0,0.0,0.0926388888888889,0.0023835942891649,,0.0,0.0,0.0,0.0,100.0,0.0,,1.0,0.0,0.0,0.0,0.0,0.0,True
2025-08-20 00:11:00+00:00,-131.265,1.0,2.0,1.0,1.0,132627.0,132526.0,101.0,0.0,0.0926388888888889,0.0023835942891649,,0.0,0.0,0.0,0.0,100.0,0.0,,1.0,0.0,0.0,0.0,0.0,0.0,True
2025-08-20 00:12:00+00:00,-131.57333333333332,1.0,2.0,1.0,1.0,132627.0,132526.0,101.0,0.0,0.0926388888888889,0.0023835942891649,,0.0,0.0,0.0,0.0,100.0,0.0,,1.0,0.0,0.0,0.0,0.0,0.0,True
2025-08-20 00:13:00+00:00,-131.86666666666667,1.0,2.0,1.0,1.0,132627.0,132526.0,101.0,0.0,0.0926388888888889,0.0023835942891649,,0.0,0.0,0.0,0.0,100.0,0.0,,1.0,0.0,0.0,0.0,0.0,0.0,True
2025-08-20 00:14:00+00:00,-132.09666666666666,1.0,2.0,1.0,1.0,132627.0,132526.0,101.0,0.0,0.0926388888888889,0.0023835942891649,,0.0,0.0,0.0,0.0,100.0,0.0,,1.0,0.0,0.0,0.0,0.0,0.0,True
2025-08-20 00:15:00+00:00,-132.225,1.0,2.0,1.0,1.0,132627.0,132526.0,101.0,0.0,0.0926388888888889,0.0023835942891649,,0.0,0.0,0.0,0.0,100.0,0.0,,1.0,0.0,0.0,0.0,0.0,0.0,True
2025-08-20 00:16:00+00:00,-132.385,1.0,2.0,1.0,1.0,132627.0,132526.0,101.0,0.0,0.0926388888888889,0.0023835942891649,,0.0,0.0,0.0,0.0,100.0,0.0,,1.0,0.0,0.0,0.0,0.0,0.0,True
2025-08-20 00:17:00+00:00,-132.648,1.0,2.0,1.0,1.0,132627.0,132526.0,101.0,0.0,0.0926388888888889,0.0023835942891649,,0.0,0.0,0.0,0.0,100.0,0.0,,1.0,0.0,0.0,0.0,0.0,0.0,True
